{"current":{"color_primary":"#d9121f","color_primary_dark":"#191919","color_secondary":"#d9121f","color_body":"#191919","color_light":"#f5f5f5","type_first_font":"poppins_n7","type_second_font":"poppins_n4","type_third_font":"poppins_n4","predictive_search_show_vendor":true,"predictive_search_show_price":true,"megamenu_linklist_width_3":"6","megamenu_linklist_cols_3":3,"megamenu_bg_image_3":"shopify:\/\/shop_images\/submenu.png","megamenu_linklist_width_4":"5","megamenu_linklist_cols_4":1,"megamenu_bg_image_4":"shopify:\/\/shop_images\/submenu2.png","social_twitter_link":"#","social_facebook_link":"#","social_pinterest_link":"#","social_instagram_link":"#","social_snapchat_link":"","social_youtube_link":"#","social_vimeo_link":"","product_item_type":"","product_item_image_ratio":"3\/4","product_swatch_color":true,"product_swatch_size":true,"product_swatch_color_advanced":true,"enable_review":true,"enable_wishlist":true,"wishlist_page":"wishlist","enable_compare":true,"product_sale_badge":"percent","sizechart":"size-chart","enable_ask_about_product":true,"product_grouped_heading":"Frequently bought together","product_grouped":"frequently-bought-together","page_bg_color":"#3c63a4","page_bg_image":"shopify:\/\/shop_images\/page-header-back.jpg","notfound_image":"shopify:\/\/shop_images\/404.png","addtocart_type":"minicart","enforce_googlefont_heading":true,"enforce_googlefont_heading_name":"Jost","enforce_googlefont_body":true,"enforce_googlefont_body_name":"Jost","product_template":"","collection_page_type":"","blog_template":"default","sections":{"mobile-menu":{"type":"mobile-menu","settings":{"menu_linklist":"midoo-main-menu"}},"password-content":{"type":"password-content","settings":{"page_type":"default","overlay":true,"image":"shopify:\/\/shop_images\/coming-soon1.png","logo_image":"shopify:\/\/shop_images\/coming-logo.png","text_color":"white","newsletter_enable":true,"newsletter_form_heading":"Coming Soon","newsletter_form_subheading":"Opening Soon!","newsletter_placeholder":"Enter Your Email Address","newsletter_button_text":"Subscribe","countdown":"08-19-2021"}},"article-template":{"type":"article-template","blocks":{"4030d871-f024-42c7-b9ba-c6a26c745782":{"type":"Promotions","settings":{"heading":"Aliquam viverra tellus a urna facilisis<br> bibendum.","svg_html1":"<svg width=\"48\" height=\"48\" viewbox=\"0 0 48 48\" fill=\"none\" xmlns=\"http:\/\/www.w3.org\/2000\/svg\">\n<path d=\"M12.5402 39.2806C14.6499 39.2806 16.3602 37.5704 16.3602 35.4606C16.3602 33.3509 14.6499 31.6406 12.5402 31.6406C10.4305 31.6406 8.72021 33.3509 8.72021 35.4606C8.72021 37.5704 10.4305 39.2806 12.5402 39.2806Z\" stroke=\"#191919\" stroke-width=\"2\" stroke-miterlimit=\"10\"><\/path>\n<path d=\"M35.4601 39.2806C37.5699 39.2806 39.2801 37.5704 39.2801 35.4606C39.2801 33.3509 37.5699 31.6406 35.4601 31.6406C33.3504 31.6406 31.6401 33.3509 31.6401 35.4606C31.6401 37.5704 33.3504 39.2806 35.4601 39.2806Z\" stroke=\"#191919\" stroke-width=\"2\" stroke-miterlimit=\"10\"><\/path>\n<path d=\"M8.72 35.4587H3V8.71875H37.36V16.3588L41.18 23.9987L45 26.1387V35.4587H39.28\" stroke=\"#191919\" stroke-width=\"2\" stroke-miterlimit=\"10\"><\/path>\n<path d=\"M31.6399 35.4609H16.3599\" stroke=\"#191919\" stroke-width=\"2\" stroke-miterlimit=\"10\"><\/path>\n<path d=\"M41.1802 23.9994H29.7202V16.3594H37.3602\" stroke=\"#191919\" stroke-width=\"2\" stroke-miterlimit=\"10\"><\/path>\n<\/svg>","title1":"Phasellus maximus varius<br>   erat sed molestie.","description1":"Cras mattis finibus justo eu condimentum. Ut id metus interdum, pretium tortor et, congue turpis. Sed condimentum gravida neque, eu ultrices diam consectetur nec.","svg_html2":"<svg width=\"48\" height=\"48\" viewbox=\"0 0 48 48\" fill=\"none\" xmlns=\"http:\/\/www.w3.org\/2000\/svg\">\n<path d=\"M37.36 3H10.64L3 16.36V45H45V16.36L37.36 3Z\" stroke=\"#191919\" stroke-width=\"2\" stroke-miterlimit=\"10\"><\/path>\n<path d=\"M8.72021 37.3594H16.3602\" stroke=\"#191919\" stroke-width=\"2\" stroke-miterlimit=\"10\"><\/path>\n<path d=\"M24 3V24\" stroke=\"#191919\" stroke-width=\"2\" stroke-miterlimit=\"10\"><\/path>\n<path d=\"M3 16.3594H45\" stroke=\"#191919\" stroke-width=\"2\" stroke-miterlimit=\"10\"><\/path>\n<\/svg>","title2":"Aenean tristique <br>  commodo gravida.","description2":"In hac habitasse platea dictumst. Sed venenatis tellus vitae dolor mattis mollis. Morbi nec placerat metus, ac aliquet felis. Suspendisse faucibus libero fringilla neque sagittis rutrum.","svg_html3":"<svg width=\"48\" height=\"48\" viewbox=\"0 0 48 48\" fill=\"none\" xmlns=\"http:\/\/www.w3.org\/2000\/svg\">\n<path d=\"M41.1797 3V14.46H8.71968C7.25852 14.3736 5.88555 13.7323 4.88154 12.6672C3.87754 11.6021 3.31836 10.1937 3.31836 8.73C3.31836 7.26629 3.87754 5.85787 4.88154 4.79277C5.88555 3.72767 7.25852 3.08636 8.71968 3H41.1797Z\" stroke=\"#191919\" stroke-width=\"2\" stroke-miterlimit=\"10\" stroke-linecap=\"square\"><\/path>\n<path d=\"M37.36 26H45V33.64H37.36C36.3469 33.64 35.3753 33.2375 34.6589 32.5211C33.9425 31.8048 33.54 30.8331 33.54 29.82C33.54 28.8069 33.9425 27.8352 34.6589 27.1189C35.3753 26.4025 36.3469 26 37.36 26Z\" stroke=\"#191919\" stroke-width=\"2\" stroke-miterlimit=\"10\" stroke-linecap=\"square\"><\/path>\n<path d=\"M45 14.4587V44.9987H6.82004C5.80853 44.9935 4.83995 44.5893 4.12469 43.8741C3.40944 43.1588 3.00529 42.1903 3.00003 41.1787V8.71875C2.9974 9.47159 3.14341 10.2175 3.42969 10.9138C3.71597 11.6101 4.13688 12.2431 4.6683 12.7763C5.19971 13.3096 5.83117 13.7327 6.52646 14.0214C7.22175 14.3101 7.96719 14.4588 8.72004 14.4587H45Z\" stroke=\"#191919\" stroke-width=\"2\" stroke-miterlimit=\"10\" stroke-linecap=\"square\"><\/path>\n<\/svg>","title3":"Phasellus ultrices rutrum<br>   ex ut tempus.","description3":"Nulla accumsan vel ex vitae luctus. Ut eros ante, molestie id mattis et, consequat a est. Maecenas ut eros nec nisl ultricies tempor vitae eget eros."}},"09ebd162-ec4e-4d8f-a953-0a530afb21f5":{"type":"collection","settings":{"heading":"New Arrivals in Women","collection":"bestsellers","items_limit":4}},"11946111-b014-4e38-8c94-cc9c09d4523e":{"type":"banner","settings":{"heading":"A team of designers<br> that make dreams<br> come true","url":"shopify:\/\/collections\/all","image":"shopify:\/\/shop_images\/collection-promo-1_fc8ad9e3-f75a-4ea6-9ebd-40e7caa709a1.png"}}},"block_order":["4030d871-f024-42c7-b9ba-c6a26c745782","09ebd162-ec4e-4d8f-a953-0a530afb21f5","11946111-b014-4e38-8c94-cc9c09d4523e"],"settings":{"blog_show_author":true,"blog_show_date":true,"show_share_buttons":true,"related_posts_visible":3,"related_posts_limit":3}},"list-collections-template":{"type":"list-collections-template","settings":{"has_container":true,"items_per_row":4}},"1613971549cb042f22":{"type":"home-slideshow","blocks":{"7ed233cc-ba80-4d2a-9581-d738a6322ca1":{"type":"slide_image_left","settings":{"color_bg":"#999da4","image":"shopify:\/\/shop_images\/pexels-marlon-schmeiski-2506776.png","title":"Fashion\n<br>in the rhythm\n<br>of salsa","color_title":"white","fs_title":8,"description":"Create unlimited & Powerfull Sliders...","color_description":"white","fs_description":2,"button_text":"Shop now","button_url":"shopify:\/\/collections\/all"}},"4c3f0ca9-9eea-4e73-a86e-906a0d6a62ce":{"type":"slide_image_left","settings":{"color_bg":"#999da4","image":"shopify:\/\/shop_images\/pexels-jermaine-ulinwa-3395706.png","title":"The latest\n<br>men's trends\n<br>this season","color_title":"white","fs_title":8,"description":"Create unlimited & Powerful Sliders...","color_description":"white","fs_description":2,"button_text":"Shop now","button_url":"shopify:\/\/collections\/all"}},"7b9e7e5b-e50d-4a08-b916-0be9c262eaaa":{"type":"slide_image_left","settings":{"color_bg":"#999da4","image":"shopify:\/\/shop_images\/pexels-godisable-jacob-833186.png","title":"Big patterns\n<br>are back in\n<br>fashion!","color_title":"black","fs_title":8,"description":"Create unlimited & Powerful Sliders...","color_description":"dark","fs_description":2,"button_text":"Shop now","button_url":"shopify:\/\/collections\/all"}}},"block_order":["7ed233cc-ba80-4d2a-9581-d738a6322ca1","4c3f0ca9-9eea-4e73-a86e-906a0d6a62ce","7b9e7e5b-e50d-4a08-b916-0be9c262eaaa"],"settings":{"has_container":false,"mt_lg":0,"pt_lg":0,"mb_lg":0,"pb_lg":0,"mt":0,"pt":0,"mb":0,"pb":0}},"1613971924d4859fb6":{"type":"home-products-carousel","settings":{"has_container":true,"has_separate":true,"title":"New Arrivals","items_per_row":4,"items_limit":6,"collection":"bestsellers","mt_lg":12,"pt_lg":0,"mb_lg":0,"pb_lg":0,"mt":5,"pt":0,"mb":0,"pb":0}},"1614699627b69e1e56":{"type":"home-icon-categories-list","blocks":{"1614699627b69e1e56-0":{"type":"category","settings":{"collection":"bestsellers","svg":"<svg width=\"36\" height=\"36\" viewbox=\"0 0 36 36\" fill=\"none\" xmlns=\"http:\/\/www.w3.org\/2000\/svg\">\n<path d=\"M30.885 23.7H5.115C4.35515 23.7 3.62643 23.3981 3.08914 22.8609C2.55185 22.3236 2.25 21.5948 2.25 20.835V9.72C2.24999 9.48629 2.29627 9.2549 2.38615 9.03917C2.47604 8.82344 2.60776 8.62764 2.77371 8.46309C2.93966 8.29853 3.13656 8.16847 3.35304 8.0804C3.56952 7.99234 3.8013 7.94802 4.035 7.95V7.95C4.33334 7.95481 4.62597 8.03249 4.88742 8.17629C5.14886 8.32008 5.37118 8.52562 5.535 8.775C7.74 12 15.135 10.605 15.135 7.95L29.85 14.73C31.0142 15.2702 31.9998 16.1319 32.6907 17.2135C33.3817 18.2951 33.7492 19.5516 33.75 20.835V20.835C33.75 21.5948 33.4482 22.3236 32.9109 22.8609C32.3736 23.3981 31.6448 23.7 30.885 23.7Z\" stroke=\"#191919\" stroke-width=\"1.5\" stroke-miterlimit=\"10\"><\/path>\n<path d=\"M33.75 20.835V23.7C33.746 25.2171 33.1406 26.6707 32.0664 27.742C30.9923 28.8134 29.5371 29.415 28.02 29.415H5.11498C4.73819 29.417 4.36474 29.3442 4.01624 29.201C3.66775 29.0577 3.35112 28.8467 3.08468 28.5803C2.81825 28.3139 2.60729 27.9972 2.46401 27.6487C2.32074 27.3002 2.24799 26.9268 2.24998 26.55V20.835\" stroke=\"#191919\" stroke-width=\"1.5\" stroke-miterlimit=\"10\"><\/path>\n<path d=\"M13.71 5.085L15.135 7.95\" stroke=\"#191919\" stroke-width=\"1.5\" stroke-miterlimit=\"10\"><\/path>\n<path d=\"M18 15.105L20.865 10.8\" stroke=\"#191919\" stroke-width=\"1.5\" stroke-miterlimit=\"10\"><\/path>\n<path d=\"M22.29 17.97L25.155 13.665\" stroke=\"#191919\" stroke-width=\"1.5\" stroke-miterlimit=\"10\"><\/path>\n<\/svg>","bk_title":"Shoes"}},"1614699627b69e1e56-1":{"type":"category","settings":{"collection":"bestsellers","svg":"<svg width=\"36\" height=\"36\" viewbox=\"0 0 36 36\" fill=\"none\" xmlns=\"http:\/\/www.w3.org\/2000\/svg\">\n<path d=\"M6.495 13.725H12.255C13.0188 13.725 13.7514 14.0284 14.2915 14.5685C14.8316 15.1086 15.135 15.8412 15.135 16.605V18.105C15.135 18.8594 14.9864 19.6065 14.6977 20.3035C14.409 21.0005 13.9858 21.6338 13.4523 22.1673C12.9189 22.7008 12.2855 23.124 11.5885 23.4127C10.8915 23.7014 10.1444 23.85 9.39 23.85H7.89C7.32465 23.8441 6.76599 23.7269 6.24593 23.5051C5.72588 23.2833 5.2546 22.9613 4.85901 22.5573C4.46343 22.1534 4.15129 21.6755 3.94041 21.1509C3.72954 20.6263 3.62406 20.0653 3.63 19.5V16.59C3.63394 15.8314 3.93705 15.1049 4.47349 14.5685C5.00993 14.032 5.73637 13.7289 6.495 13.725V13.725Z\" stroke=\"#191919\" stroke-width=\"1.5\" stroke-miterlimit=\"10\"><\/path>\n<path d=\"M28.065 23.775H26.565C25.0466 23.7592 23.5961 23.1428 22.5308 22.0606C21.4655 20.9784 20.872 19.5185 20.88 18V16.5C20.88 16.1218 20.9545 15.7473 21.0992 15.3979C21.244 15.0485 21.4561 14.731 21.7235 14.4635C21.991 14.1961 22.3085 13.984 22.6579 13.8392C23.0073 13.6945 23.3818 13.62 23.76 13.62L29.505 13.62C29.8832 13.62 30.2577 13.6945 30.6071 13.8392C30.9566 13.984 31.274 14.1961 31.5415 14.4635C31.8089 14.731 32.021 15.0485 32.1658 15.3979C32.3105 15.7473 32.385 16.1218 32.385 16.5V19.5C32.3771 20.6392 31.918 21.7287 31.1082 22.53C30.2985 23.3313 29.2042 23.779 28.065 23.775V23.775Z\" stroke=\"#191919\" stroke-width=\"1.5\" stroke-miterlimit=\"10\"><\/path>\n<path d=\"M15.12 18C15.12 17.2362 15.4234 16.5036 15.9635 15.9635C16.5036 15.4234 17.2362 15.12 18 15.12C18.7638 15.12 19.4964 15.4234 20.0365 15.9635C20.5766 16.5036 20.88 17.2362 20.88 18\" stroke=\"#191919\" stroke-width=\"1.5\" stroke-miterlimit=\"10\"><\/path>\n<path d=\"M35.25 15.15H32.37\" stroke=\"#191919\" stroke-width=\"1.5\" stroke-miterlimit=\"10\"><\/path>\n<path d=\"M3.63 15.15H0.75\" stroke=\"#191919\" stroke-width=\"1.5\" stroke-miterlimit=\"10\"><\/path>\n<\/svg>","bk_title":"Glasses"}},"1614699627b69e1e56-2":{"type":"category","settings":{"collection":"bestsellers","svg":"<svg width=\"36\" height=\"36\" viewbox=\"0 0 36 36\" fill=\"none\" xmlns=\"http:\/\/www.w3.org\/2000\/svg\">\n<path d=\"M30.885 16.575V33.75H5.11499V16.575C10.845 16.575 9.40499 8.58 9.40499 2.25H26.595C26.595 8.58 26.595 16.575 30.885 16.575Z\" stroke=\"#191919\" stroke-width=\"1.5\" stroke-miterlimit=\"10\"><\/path>\n<path d=\"M22.29 2.25C22.29 7.785 20.37 12.27 18 12.27C15.63 12.27 13.71 7.77 13.71 2.25H22.29Z\" stroke=\"#191919\" stroke-width=\"1.5\" stroke-miterlimit=\"10\"><\/path>\n<\/svg>","bk_title":"Shirts"}},"1614699627b69e1e56-3":{"type":"category","settings":{"collection":"bestsellers","svg":"<svg width=\"36\" height=\"36\" viewbox=\"0 0 36 36\" fill=\"none\" xmlns=\"http:\/\/www.w3.org\/2000\/svg\">\n<path d=\"M30.885 2.25H5.11499V7.98H30.885V2.25Z\" stroke=\"#191919\" stroke-width=\"1.5\" stroke-miterlimit=\"10\"><\/path>\n<path d=\"M22.29 7.98001H5.115L2.25 33.75H15.135L16.41 22.29C16.4541 21.8988 16.6405 21.5375 16.9337 21.2748C17.2268 21.012 17.6063 20.8662 18 20.865V20.865C18.3937 20.8662 18.7732 21.012 19.0663 21.2748C19.3595 21.5375 19.5459 21.8988 19.59 22.29L20.865 33.75H33.75L30.885 7.98001H22.29Z\" stroke=\"#191919\" stroke-width=\"1.5\" stroke-miterlimit=\"10\"><\/path>\n<\/svg>","bk_title":"Trousers"}},"1614699627b69e1e56-4":{"type":"category","settings":{"collection":"bestsellers","svg":"<svg width=\"36\" height=\"36\" viewbox=\"0 0 36 36\" fill=\"none\" xmlns=\"http:\/\/www.w3.org\/2000\/svg\">\n<path d=\"M29.46 23.73V28.02C24.72 28.02 20.865 30.585 20.865 33.75H15.135C15.135 30.585 11.28 28.02 6.53999 28.02V23.73H29.46Z\" stroke=\"#191919\" stroke-width=\"1.5\" stroke-miterlimit=\"10\"><\/path>\n<path d=\"M16.575 13.71C16.575 15.2297 15.9713 16.6871 14.8967 17.7617C13.8221 18.8363 12.3647 19.44 10.845 19.44C9.32532 19.44 7.86787 18.8363 6.79328 17.7617C5.7187 16.6871 5.11501 15.2297 5.11501 13.71C5.33489 11.5133 6.35454 9.47395 7.98001 7.98L16.575 13.71Z\" stroke=\"#191919\" stroke-width=\"1.5\" stroke-miterlimit=\"10\"><\/path>\n<path d=\"M19.5 13.71C19.5 15.2297 20.1037 16.6871 21.1783 17.7617C22.2529 18.8363 23.7103 19.44 25.23 19.44C26.7497 19.44 28.2071 18.8363 29.2817 17.7617C30.3563 16.6871 30.96 15.2297 30.96 13.71C30.7401 11.5133 29.7205 9.47395 28.095 7.98L19.5 13.71Z\" stroke=\"#191919\" stroke-width=\"1.5\" stroke-miterlimit=\"10\"><\/path>\n<path d=\"M16.575 13.71H19.425\" stroke=\"#191919\" stroke-width=\"1.5\" stroke-miterlimit=\"10\"><\/path>\n<path d=\"M7.98001 7.98L12.9 4.035C14.3486 2.87914 16.1468 2.24975 18 2.25V2.25C19.8532 2.24975 21.6515 2.87914 23.1 4.035L28.02 7.98\" stroke=\"#191919\" stroke-width=\"1.5\" stroke-miterlimit=\"10\"><\/path>\n<\/svg>","bk_title":"Swimwear"}},"1614699627b69e1e56-5":{"type":"category","settings":{"collection":"bestsellers","svg":"<svg width=\"36\" height=\"36\" viewbox=\"0 0 36 36\" fill=\"none\" xmlns=\"http:\/\/www.w3.org\/2000\/svg\">\n<path d=\"M31.5 25.605L23.595 27.36C21.7392 27.7792 19.8425 27.9905 17.94 27.99V27.99C16.0375 27.9905 14.1408 27.7792 12.285 27.36L4.5 25.605C3.86972 25.4807 3.30164 25.1427 2.89172 24.648C2.48179 24.1534 2.25513 23.5324 2.25 22.89V22.89C2.2487 22.4706 2.34196 22.0564 2.52284 21.678C2.70372 21.2997 2.96756 20.967 3.29475 20.7046C3.62194 20.4423 4.00406 20.2571 4.41269 20.1628C4.82132 20.0685 5.24595 20.0676 5.655 20.16L12.345 21.66C14.2025 22.0669 16.0984 22.2731 18 22.275V22.275C19.9016 22.2731 21.7975 22.0669 23.655 21.66L30.345 20.16C30.7541 20.0676 31.1787 20.0685 31.5873 20.1628C31.9959 20.2571 32.3781 20.4423 32.7053 20.7046C33.0324 20.967 33.2963 21.2997 33.4772 21.678C33.658 22.0564 33.7513 22.4706 33.75 22.89V22.89C33.7449 23.5324 33.5182 24.1534 33.1083 24.648C32.6984 25.1427 32.1303 25.4807 31.5 25.605V25.605Z\" stroke=\"#191919\" stroke-width=\"1.5\" stroke-miterlimit=\"10\"><\/path>\n<path d=\"M8.01 15L12.345 15.96C14.2053 16.3417 16.1011 16.5228 18 16.5C19.9016 16.4981 21.7975 16.2919 23.655 15.885L27.99 15\" stroke=\"#191919\" stroke-width=\"1.5\" stroke-miterlimit=\"10\"><\/path>\n<path d=\"M7.095 20.475L8.895 9.63C9.03746 8.75833 9.48541 7.96578 10.1587 7.39416C10.832 6.82253 11.6868 6.50912 12.57 6.51C13.3127 6.50449 14.0396 6.72414 14.655 7.14L18 9.375L21.345 7.14C21.9604 6.72414 22.6873 6.50449 23.43 6.51C24.3144 6.50978 25.1702 6.82339 25.845 7.395C26.5188 7.9653 26.9659 8.75827 27.105 9.63L28.905 20.475\" stroke=\"#191919\" stroke-width=\"1.5\" stroke-miterlimit=\"10\"><\/path>\n<\/svg>","bk_title":"Hats"}}},"block_order":["1614699627b69e1e56-0","1614699627b69e1e56-1","1614699627b69e1e56-2","1614699627b69e1e56-3","1614699627b69e1e56-4","1614699627b69e1e56-5"],"settings":{"title":"","has_container":false,"has_separate":false,"mt_lg":8,"pt_lg":0,"mb_lg":0,"pb_lg":0,"mt":5,"pt":0,"mb":0,"pb":0}},"16152540572d42ca22":{"type":"home-couple-banner","settings":{"has_container":true,"image_1":"shopify:\/\/shop_images\/banner-2.png","title_1":"Always trendy red","description_1":"Bestsellers","button_text_1":"Shop now","button_url_1":"shopify:\/\/collections\/all","color_text_1":"black","fs_title_1":4,"fs_description_1":2.2,"image_2":"shopify:\/\/shop_images\/banner-3.png","title_2":"Color of the year","description_2":"New Arrival","button_text_2":"Shop now","button_url_2":"shopify:\/\/collections\/all","color_text_2":"black","fs_title_2":4,"fs_description_2":2.2,"mt_lg":14,"pt_lg":0,"mb_lg":0,"pb_lg":12,"mt":5,"pt":0,"mb":0,"pb":0}},"1615294001992641ca":{"type":"home-video-banner","settings":{"has_container":true,"type":"default","has_bottom_separate":true,"video_url":"https:\/\/www.youtube.com\/watch?v=HidKu1w7msY","image_bg":"shopify:\/\/shop_images\/banner-4.png","title":"A team of designers that make dreams come true","sub_title":"","description":"Unique clothes for everyone!","button_text":"Read more","fs_title":5.5,"fs_description":2.2,"mt_lg":18,"pt_lg":0,"mb_lg":0,"pb_lg":0,"mt":5,"pt":0,"mb":0,"pb":0}},"1619413590d195d62f":{"type":"home-products-list","settings":{"has_container":true,"title":"Products list","items_limit":8,"items_per_row":4,"collection":"bestsellers","has_bottom_separate":false,"mt_lg":18,"pt_lg":0,"mb_lg":0,"pb_lg":20,"mt":5,"pt":0,"mb":0,"pb":0}},"1619423112dbee161c":{"type":"home-articles-list","blocks":{"fa6d9475-f0a9-4607-9e5f-e450862bbb1e":{"type":"article","settings":{"article_id":"news\/the-best-ways-to-change-your-summer-wardrobe-into-autumn-wardrobe","custom_image":"shopify:\/\/shop_images\/blog-1.png"}},"e686c12d-0b21-4144-9f95-d444397bd6fb":{"type":"article","settings":{"article_id":"news\/the-best-ways-to-change-your-summer-wardrobe-into-autumn-wardrobe","custom_image":"shopify:\/\/shop_images\/blog-2.png"}}},"block_order":["fa6d9475-f0a9-4607-9e5f-e450862bbb1e","e686c12d-0b21-4144-9f95-d444397bd6fb"],"settings":{"has_container":true,"has_separate":false,"title":"The real stories <br> behind our brand.","items_visible":2,"item_type":"default","mt_lg":16,"pt_lg":0,"mb_lg":0,"pb_lg":0,"mt":5,"pt":0,"mb":0,"pb":0}},"161945431862b2c7f4":{"type":"home-benefits","blocks":{"161945431862b2c7f4-0":{"type":"benefit","settings":{"svg_html":"<svg width=\"24\" height=\"24\" viewbox=\"0 0 24 24\" fill=\"none\" xmlns=\"http:\/\/www.w3.org\/2000\/svg\">\n<path d=\"M6.26998 19.6398C7.32485 19.6398 8.17998 18.7847 8.17998 17.7298C8.17998 16.675 7.32485 15.8198 6.26998 15.8198C5.21512 15.8198 4.35999 16.675 4.35999 17.7298C4.35999 18.7847 5.21512 19.6398 6.26998 19.6398Z\" stroke=\"black\" stroke-width=\"1.5\" stroke-miterlimit=\"10\"><\/path>\n<path d=\"M17.73 19.6398C18.7849 19.6398 19.64 18.7847 19.64 17.7298C19.64 16.675 18.7849 15.8198 17.73 15.8198C16.6751 15.8198 15.82 16.675 15.82 17.7298C15.82 18.7847 16.6751 19.6398 17.73 19.6398Z\" stroke=\"black\" stroke-width=\"1.5\" stroke-miterlimit=\"10\"><\/path>\n<path d=\"M4.36 17.7299H1.5V4.35986H18.68V8.17986L20.59 11.9999L22.5 13.0699V17.7299H19.64\" stroke=\"black\" stroke-width=\"1.5\" stroke-miterlimit=\"10\"><\/path>\n<path d=\"M15.82 17.73H8.17999\" stroke=\"black\" stroke-width=\"1.5\" stroke-miterlimit=\"10\"><\/path>\n<path d=\"M20.59 12.0002H14.86V8.18018H18.68\" stroke=\"black\" stroke-width=\"1.5\" stroke-miterlimit=\"10\"><\/path>\n<\/svg>","title":"","description":"Free delivery"}},"161945431862b2c7f4-1":{"type":"benefit","settings":{"svg_html":"<svg width=\"24\" height=\"24\" viewbox=\"0 0 24 24\" fill=\"none\" xmlns=\"http:\/\/www.w3.org\/2000\/svg\">\n<path d=\"M18.68 1.5H5.32L1.5 8.18V22.5H22.5V8.18L18.68 1.5Z\" stroke=\"#191919\" stroke-width=\"1.5\" stroke-miterlimit=\"10\"><\/path>\n<path d=\"M4.35999 18.6802H8.17998\" stroke=\"#191919\" stroke-width=\"1.5\" stroke-miterlimit=\"10\"><\/path>\n<path d=\"M12 1.5V12\" stroke=\"#191919\" stroke-width=\"1.5\" stroke-miterlimit=\"10\"><\/path>\n<path d=\"M1.5 8.18018H22.5\" stroke=\"#191919\" stroke-width=\"1.5\" stroke-miterlimit=\"10\"><\/path>\n<\/svg>","title":"","description":"Non-contact shipping"}},"161945431862b2c7f4-2":{"type":"benefit","settings":{"svg_html":"<svg width=\"24\" height=\"24\" viewbox=\"0 0 24 24\" fill=\"none\" xmlns=\"http:\/\/www.w3.org\/2000\/svg\">\n<path d=\"M20.59 1.5V7.23H4.36C3.62941 7.18682 2.94293 6.86617 2.44092 6.33362C1.93892 5.80107 1.65933 5.09686 1.65933 4.365C1.65933 3.63314 1.93892 2.92893 2.44092 2.39638C2.94293 1.86383 3.62941 1.54318 4.36 1.5H20.59Z\" stroke=\"#191919\" stroke-width=\"1.5\" stroke-miterlimit=\"10\" stroke-linecap=\"square\"><\/path>\n<path d=\"M18.68 13H22.5V16.82H18.68C18.1734 16.82 17.6876 16.6188 17.3294 16.2606C16.9712 15.9024 16.77 15.4166 16.77 14.91C16.77 14.4034 16.9712 13.9176 17.3294 13.5594C17.6876 13.2012 18.1734 13 18.68 13Z\" stroke=\"#191919\" stroke-width=\"1.5\" stroke-miterlimit=\"10\" stroke-linecap=\"square\"><\/path>\n<path d=\"M22.5 7.22986V22.4999H3.40999C2.90423 22.4972 2.41994 22.2952 2.06232 21.9375C1.70469 21.5799 1.50261 21.0956 1.49999 20.5899V4.35986C1.49867 4.73628 1.57168 5.10926 1.71481 5.45741C1.85795 5.80556 2.06841 6.12202 2.33412 6.38866C2.59982 6.65529 2.91555 6.86685 3.2632 7.01121C3.61084 7.15556 3.98356 7.22987 4.35999 7.22986H22.5Z\" stroke=\"#191919\" stroke-width=\"1.5\" stroke-miterlimit=\"10\" stroke-linecap=\"square\"><\/path>\n<\/svg>","title":"","description":"Money back guarantee"}},"161945431862b2c7f4-3":{"type":"benefit","settings":{"svg_html":"<svg width=\"24\" height=\"24\" viewbox=\"0 0 24 24\" fill=\"none\" xmlns=\"http:\/\/www.w3.org\/2000\/svg\">\n<path d=\"M12 22.5C9.30769 21.9634 6.8846 20.5103 5.14332 18.3879C3.40205 16.2656 2.45025 13.6053 2.45 10.86V3.41L12 1.5L21.55 3.41V10.86C21.5498 13.6053 20.598 16.2656 18.8567 18.3879C17.1154 20.5103 14.6923 21.9634 12 22.5V22.5Z\" stroke=\"#191919\" stroke-width=\"1.5\" stroke-miterlimit=\"10\"><\/path>\n<path d=\"M7.23 10.93L10.81 14.51L16.77 8.54004\" stroke=\"#191919\" stroke-width=\"1.5\" stroke-miterlimit=\"10\"><\/path>\n<\/svg>","title":"","description":"Secure payments"}}},"block_order":["161945431862b2c7f4-0","161945431862b2c7f4-1","161945431862b2c7f4-2","161945431862b2c7f4-3"],"settings":{"type":"4","has_container":true,"has_top_separate":true,"has_bottom_separate":true,"no_gutter":false,"items_per_row":4,"mt_lg":16,"pt_lg":0,"mb_lg":0,"pb_lg":0,"mt":5,"pt":0,"mb":0,"pb":0}},"1619455274a70d7089":{"type":"home-images-feed","blocks":{"1619455274a70d7089-0":{"type":"image","settings":{"image":"shopify:\/\/shop_images\/ins-1.png"}},"1619455274a70d7089-1":{"type":"image","settings":{"image":"shopify:\/\/shop_images\/ins-2.png"}},"1619455274a70d7089-2":{"type":"image","settings":{"image":"shopify:\/\/shop_images\/ins-3.png"}},"1619455274a70d7089-3":{"type":"image","settings":{"image":"shopify:\/\/shop_images\/ins-4.png"}},"1619455274a70d7089-4":{"type":"image","settings":{"image":"shopify:\/\/shop_images\/ins-5.png"}}},"block_order":["1619455274a70d7089-0","1619455274a70d7089-1","1619455274a70d7089-2","1619455274a70d7089-3","1619455274a70d7089-4"],"settings":{"has_container":true,"title":"Express yourself with #fastor <br>on instagram","sub_title_text":"Follow Us on Instagram","mt_lg":18,"pt_lg":0,"mb_lg":0,"pb_lg":12,"mt":5,"pt":0,"mb":0,"pb":0}},"header-2":{"type":"header-2","settings":{"announcement_used":true,"announcement_text":"Your Announcement text","top_button_text":"Shop Now","main_menu":true,"main_menu_linklist":"midoo-main-menu","top_currency":true,"top_language":true}},"16195888104e2fea6d":{"type":"home-banners","blocks":{"38c974f6-1753-458e-a3a0-3a7c9dc88033":{"type":"banner_2","settings":{"width_destop":"12","width_tablet":"12","width_mobile":"12","image":"shopify:\/\/shop_images\/pexels-evg-culture-1126993.png","title":"Street style\n<br>has its own rules","description":"Create any content in your store","button_text":"Shop now","content_hori_align":"left","content_vert_align":"y-50","fs_title":5.5,"fs_description":2.2,"color_text":"white"}}},"block_order":["38c974f6-1753-458e-a3a0-3a7c9dc88033"],"settings":{"has_container":true,"no_gutter":false,"mt_lg":8,"pt_lg":0,"mb_lg":0,"pb_lg":0,"mt":5,"pt":0,"mb":0,"pb":0}},"home-benefits":{"type":"home-benefits","blocks":{"a7371e66-52e4-4817-8f30-bc73b3c50474":{"type":"benefit","settings":{"svg_html":"<svg width=\"24\" height=\"24\" viewbox=\"0 0 24 24\" fill=\"none\" xmlns=\"http:\/\/www.w3.org\/2000\/svg\">\n<path d=\"M6.26998 19.6403C7.32485 19.6403 8.17998 18.7852 8.17998 17.7303C8.17998 16.6754 7.32485 15.8203 6.26998 15.8203C5.21512 15.8203 4.35999 16.6754 4.35999 17.7303C4.35999 18.7852 5.21512 19.6403 6.26998 19.6403Z\" stroke=\"#191919\" stroke-width=\"1.5\" stroke-miterlimit=\"10\"><\/path>\n<path d=\"M17.73 19.6403C18.7849 19.6403 19.64 18.7852 19.64 17.7303C19.64 16.6754 18.7849 15.8203 17.73 15.8203C16.6751 15.8203 15.82 16.6754 15.82 17.7303C15.82 18.7852 16.6751 19.6403 17.73 19.6403Z\" stroke=\"#191919\" stroke-width=\"1.5\" stroke-miterlimit=\"10\"><\/path>\n<path d=\"M4.36 17.7303H1.5V4.36035H18.68V8.18035L20.59 12.0004L22.5 13.0704V17.7303H19.64\" stroke=\"#191919\" stroke-width=\"1.5\" stroke-miterlimit=\"10\"><\/path>\n<path d=\"M15.82 17.7305H8.17999\" stroke=\"#191919\" stroke-width=\"1.5\" stroke-miterlimit=\"10\"><\/path>\n<path d=\"M20.59 11.9997H14.86V8.17969H18.68\" stroke=\"#191919\" stroke-width=\"1.5\" stroke-miterlimit=\"10\"><\/path>\n<\/svg>","title":"","description":"Free delivery"}},"138d61bd-93cb-444a-ae63-c37a32f20b91":{"type":"benefit","settings":{"svg_html":"<svg width=\"24\" height=\"24\" viewbox=\"0 0 24 24\" fill=\"none\" xmlns=\"http:\/\/www.w3.org\/2000\/svg\">\n<path d=\"M18.68 1.5H5.32L1.5 8.18V22.5H22.5V8.18L18.68 1.5Z\" stroke=\"#191919\" stroke-width=\"1.5\" stroke-miterlimit=\"10\"><\/path>\n<path d=\"M4.35999 18.6797H8.17998\" stroke=\"#191919\" stroke-width=\"1.5\" stroke-miterlimit=\"10\"><\/path>\n<path d=\"M12 1.5V12\" stroke=\"#191919\" stroke-width=\"1.5\" stroke-miterlimit=\"10\"><\/path>\n<path d=\"M1.5 8.17969H22.5\" stroke=\"#191919\" stroke-width=\"1.5\" stroke-miterlimit=\"10\"><\/path>\n<\/svg>","title":"","description":"Non-contact shipping"}},"4a8dd94c-d667-4334-b7d3-02a15d56cfc0":{"type":"benefit","settings":{"svg_html":"<svg width=\"24\" height=\"24\" viewbox=\"0 0 24 24\" fill=\"none\" xmlns=\"http:\/\/www.w3.org\/2000\/svg\">\n<path d=\"M20.59 1.5V7.23H4.36C3.62941 7.18682 2.94293 6.86617 2.44092 6.33362C1.93892 5.80107 1.65933 5.09686 1.65933 4.365C1.65933 3.63314 1.93892 2.92893 2.44092 2.39638C2.94293 1.86383 3.62941 1.54318 4.36 1.5H20.59Z\" stroke=\"#191919\" stroke-width=\"1.5\" stroke-miterlimit=\"10\" stroke-linecap=\"square\"><\/path>\n<path d=\"M18.68 13H22.5V16.82H18.68C18.1734 16.82 17.6876 16.6188 17.3294 16.2606C16.9712 15.9024 16.77 15.4166 16.77 14.91C16.77 14.4034 16.9712 13.9176 17.3294 13.5594C17.6876 13.2012 18.1734 13 18.68 13Z\" stroke=\"#191919\" stroke-width=\"1.5\" stroke-miterlimit=\"10\" stroke-linecap=\"square\"><\/path>\n<path d=\"M22.5 7.23035V22.5004H3.40999C2.90423 22.4977 2.41994 22.2956 2.06232 21.938C1.70469 21.5804 1.50261 21.0961 1.49999 20.5904V4.36035C1.49867 4.73677 1.57168 5.10975 1.71481 5.4579C1.85795 5.80604 2.06841 6.12251 2.33412 6.38914C2.59982 6.65578 2.91555 6.86734 3.2632 7.01169C3.61084 7.15605 3.98356 7.23035 4.35999 7.23035H22.5Z\" stroke=\"#191919\" stroke-width=\"1.5\" stroke-miterlimit=\"10\" stroke-linecap=\"square\"><\/path>\n<\/svg>","title":"","description":"Money-back quarantee"}},"d59a1d88-08c3-47c2-9d9e-8e584c6b6df9":{"type":"benefit","settings":{"svg_html":"<svg width=\"24\" height=\"24\" viewbox=\"0 0 24 24\" fill=\"none\" xmlns=\"http:\/\/www.w3.org\/2000\/svg\">\n<path d=\"M12 22.5C9.30769 21.9634 6.8846 20.5103 5.14332 18.3879C3.40205 16.2656 2.45025 13.6053 2.45 10.86V3.41L12 1.5L21.55 3.41V10.86C21.5498 13.6053 20.598 16.2656 18.8567 18.3879C17.1154 20.5103 14.6923 21.9634 12 22.5V22.5Z\" stroke=\"#191919\" stroke-width=\"1.5\" stroke-miterlimit=\"10\"><\/path>\n<path d=\"M7.23 10.93L10.81 14.51L16.77 8.54004\" stroke=\"#191919\" stroke-width=\"1.5\" stroke-miterlimit=\"10\"><\/path>\n<\/svg>","title":"","description":"Secure payments"}}},"block_order":["a7371e66-52e4-4817-8f30-bc73b3c50474","138d61bd-93cb-444a-ae63-c37a32f20b91","4a8dd94c-d667-4334-b7d3-02a15d56cfc0","d59a1d88-08c3-47c2-9d9e-8e584c6b6df9"],"settings":{"type":"4","has_container":true,"has_top_separate":true,"has_bottom_separate":true,"no_gutter":false,"items_per_row":4,"mt_lg":8,"pt_lg":2,"mb_lg":0,"pb_lg":2,"mt":5,"pt":0,"mb":0,"pb":0}},"header-1":{"type":"header-1","blocks":{"1b554c17-851a-41da-ade7-0158ec4dc7dd":{"type":"banner2","settings":{"hook":"Men","image":"shopify:\/\/shop_images\/slider_0e1536a8-42ec-451c-b4ca-84e2293dc4a5.png","title":"The latest men's trends<br> this season","description":"New collections!","button_text":"Shop now","button_url":"shopify:\/\/collections\/all","content_hori_align":"right","content_vert_align":"y-50","fs_title":4,"fs_description":2,"color_text":"white"}},"0cfc8217-2d29-4c48-8333-abd2b2d86603":{"type":"banner1","settings":{"hook":"Women","order":3,"width_destop":"4","image":"shopify:\/\/shop_images\/banner_-_6.png","title":"Street style<br>  has its own<br>  rules","sub_title":"","button_url":"shopify:\/\/collections\/all","content_hori_align":"x-left pl-8","content_vert_align":"y-top pt-8","fs_title":3,"fs_subtitle":2.5,"color_text":"white"}},"3c4113de-1de4-4b52-bdc7-1ce4affa71a4":{"type":"product","settings":{"hook":"women","order":4,"width_destop":"3","product":"apple-cinema-30"}},"2a7f77ac-cc71-4f28-9267-7e1a1dbf83dc":{"type":"circle_collection","settings":{"hook":"Categories","order":1,"width_destop":"2","collection":"bestsellers","bk_image":"shopify:\/\/shop_images\/cat-1.png","bk_title":"Women"}},"b0f2a78e-91f0-4443-a797-c4e2f1369d59":{"type":"circle_collection","settings":{"hook":"Categories","order":2,"width_destop":"2","collection":"bestsellers","bk_image":"shopify:\/\/shop_images\/cat-2.png","bk_title":"Men"}},"03c594fc-f4c0-460d-8d8a-aec2a91e6b20":{"type":"circle_collection","settings":{"hook":"Categories","order":3,"width_destop":"2","collection":"store-5-bestseller","bk_image":"shopify:\/\/shop_images\/cat-3.png","bk_title":"Shoes"}},"3f841c16-6e74-42bb-a0e0-ce7b037a2a36":{"type":"circle_collection","settings":{"hook":"Categories","order":4,"width_destop":"2","collection":"bestsellers","bk_image":"shopify:\/\/shop_images\/cat-4.png","bk_title":"Bags"}},"e3b29ff1-4e48-41bc-adec-b85a90d0438f":{"type":"circle_collection","settings":{"hook":"Categories","order":5,"width_destop":"2","collection":"bestsellers","bk_image":"shopify:\/\/shop_images\/cat-5.png","bk_title":"Glasses"}},"5468dc58-b181-45f4-85e7-172a0f1a828c":{"type":"circle_collection","settings":{"hook":"Categories","order":6,"width_destop":"2","collection":"bestsellers","bk_image":"shopify:\/\/shop_images\/cat-6.png","bk_title":"Jewelry"}}},"block_order":["1b554c17-851a-41da-ade7-0158ec4dc7dd","0cfc8217-2d29-4c48-8333-abd2b2d86603","3c4113de-1de4-4b52-bdc7-1ce4affa71a4","2a7f77ac-cc71-4f28-9267-7e1a1dbf83dc","b0f2a78e-91f0-4443-a797-c4e2f1369d59","03c594fc-f4c0-460d-8d8a-aec2a91e6b20","3f841c16-6e74-42bb-a0e0-ce7b037a2a36","e3b29ff1-4e48-41bc-adec-b85a90d0438f","5468dc58-b181-45f4-85e7-172a0f1a828c"],"settings":{"announcement_used":true,"announcement_text":"Summer sale for all swim suits - off 50%!","top_button_text":"Shop Now","top_color":"#000000","top_color_bg":"#ffeeef","header_logo":"shopify:\/\/shop_images\/LOGO.png","main_menu":true,"main_menu_linklist":"midoo-main-menu","top_currency":true,"top_language":true}},"footer-1":{"type":"footer-1","settings":{"color":"black","color_bg":"white","menu_1":true,"menu_linklist_1":"midoo-footer-menu-1","menu_title_show_1":false,"menu_2":true,"menu_linklist_2":"midoo-footer-menu-2","menu_title_show_2":false,"menu_3":true,"menu_linklist_3":"midoo-footer-menu-3","menu_title_show_3":false,"newsletter":true,"newsletter_action":"","newsletter_heading":"Join our newsletter and get $20 for your first order","newsletter_desc":"","social_icons":true,"image_payments":"shopify:\/\/shop_images\/payments_38ec244d-f0c9-4b94-a6bb-a81229933ee6.png","contact_phone":"(+800) 1234 5678 90","contact_email":"info@company.com","copyright":"Fastor eCommerce &copy; 2021. All Rights Reserved","mt_lg":5,"pt_lg":5,"pb_lg":0,"mt":5,"pt":5,"pb":0}},"16210822208fd1e7da":{"type":"home-slideshow","blocks":{"ba1fa47b-ecc6-4bb3-bd51-79f850d3f4e9":{"type":"slide_image_left","settings":{"color_bg":"#999da4","image":"shopify:\/\/shop_images\/banner-5_5725bfd4-193e-466f-b9be-332c31c89095.png","title":"Life from the <br> comic book","color_title":"black","fs_title":6,"description":"Retro games t-shirts!","color_description":"dark","fs_description":2,"button_text":"Shop now","button_url":"shopify:\/\/collections\/all"}},"889c45b2-774b-48c5-b1ca-6aaf63b41b1c":{"type":"pin_product","settings":{"pos_x":50,"pos_y":50,"product":"ipod-shuffle","label":"1"}},"50770658-467d-4bc3-92ee-01df25a9a816":{"type":"pin_product","settings":{"pos_x":69,"pos_y":72,"product":"imac","label":"2"}}},"block_order":["ba1fa47b-ecc6-4bb3-bd51-79f850d3f4e9","889c45b2-774b-48c5-b1ca-6aaf63b41b1c","50770658-467d-4bc3-92ee-01df25a9a816"],"settings":{"has_container":false,"mt_lg":0,"pt_lg":0,"mb_lg":0,"pb_lg":0,"mt":0,"pt":0,"mb":0,"pb":0}}},"content_for_index":["1613971549cb042f22","1614699627b69e1e56","16195888104e2fea6d","16152540572d42ca22","1613971924d4859fb6","1615294001992641ca","1619413590d195d62f","16210822208fd1e7da","1619423112dbee161c","161945431862b2c7f4","1619455274a70d7089"]}}