{"sections":{"page-contact-default-section":{"type":"page-contact-default-section","blocks":{"1603535153472":{"type":"contact_info","settings":{"heading":"How can<br> we help you?","label1":"Send message","content1":"contact@example.com","label2":"Or use Skype","content2":"example-skype","label3":"Address","content3":"PO Box 16122 Collins Street Victoria 8007 Australia","social_icons":true}},"1603535156084":{"type":"contact_map","settings":{"map":"<iframe src=\"https:\/\/www.google.com\/maps\/embed?pb=!1m18!1m12!1m3!1d3151.693486674561!2d144.94627951524024!3d-37.82064787975109!2m3!1f0!2f0!3f0!3m2!1i1024!2i768!4f13.1!3m3!1m2!1s0x6ad65d4cee0cec83%3A0xd019c5f69915a4a0!2sCollins%20St%2C%20Docklands%20VIC%203008%2C%20Australia!5e0!3m2!1sen!2s!4v1603536151190!5m2!1sen!2s\" width=\"600\" height=\"450\" frameborder=\"0\" style=\"border:0;\" allowfullscreen=\"\" aria-hidden=\"false\" tabindex=\"0\"><\/iframe>","contact_form":true,"heading":"Drop Us A Line"}},"1603535159158":{"type":"instagram","settings":{"heading":"Follow <a href=\"https:\/\/www.instagram.com\/roartheme\">@Fastor<\/a> on instagram","image1":"shopify:\/\/shop_images\/Rectangle_949_copy_5.png","url1":"","image2":"shopify:\/\/shop_images\/Rectangle_949_copy_4.png","url2":"","image3":"shopify:\/\/shop_images\/Rectangle_949_copy_2.png","url3":"","image4":"shopify:\/\/shop_images\/Rectangle_949_copy_3-2.png","url4":"","image5":"shopify:\/\/shop_images\/Rectangle_949_copy_3.png","url5":"","image6":"shopify:\/\/shop_images\/Rectangle_949_copy_8.png","url6":"","image7":"shopify:\/\/shop_images\/Rectangle_949_copy_7.png","url7":"","image8":"shopify:\/\/shop_images\/Rectangle_949_copy_6.png","url8":"","image9":"shopify:\/\/shop_images\/Rectangle_949_copy_5.png","url9":"","image10":"shopify:\/\/shop_images\/Rectangle_949_copy_4.png","url10":""}}},"block_order":["1603535153472","1603535156084","1603535159158"],"settings":{}}},"order":["page-contact-default-section"]}