{"sections":{"password-section":{"type":"password-section","settings":{"notice_bg_color":"","notice_color":"#ffffff","notice_bg_image":"shopify:\/\/shop_images\/topbar_1ada51e0-d83c-4c9c-b202-7306e9ef6856.png","header_notice":true,"header_social":true,"message":"ADD HERE CUSTOM NOTIFICATION","main_color":"#000","bg":"#fff","bg_image":"shopify:\/\/shop_images\/password-bg_301dd2f7-1086-4d13-8222-898e971b89b5.png","countdown_bg":"#d9121f","countdown_color":"#fff","button_bg":"#000","button_color":"#fff","input_color":"#999","input_bg":"#e6e6e6","logo":"shopify:\/\/shop_images\/logo_ab49766a-0150-4d0a-8507-07696e6ce461.png","heading":"Under\nConstruction!","caption":"We're currently working on some dope changes for our next drop.<br>\nWe'll be back soon, subscribe to be notified!","countdown":"12-25-2021","form_type":"mailchimp","form_heading":"Join our newsletter","placeholder":"Password","button":"Submit","mailchimp":"https:\/\/gmail.us4.list-manage.com\/subscribe\/post?u=ff8dc2e671e67ed5a3681980b&amp;id=e852c521b4","terms_and_conditions":true}}},"order":["password-section"],"layout":"password"}