{"sections":{"1619455274a70d7089":{"type":"home-images-feed","blocks":{"1619455274a70d7089-0":{"type":"image","settings":{"image":"shopify:\/\/shop_images\/ins-1.png","url":"#"}},"1619455274a70d7089-1":{"type":"image","settings":{"image":"shopify:\/\/shop_images\/ins-2.png","url":"#"}},"1619455274a70d7089-2":{"type":"image","settings":{"image":"shopify:\/\/shop_images\/ins-3.png","url":"#"}},"1619455274a70d7089-3":{"type":"image","settings":{"image":"shopify:\/\/shop_images\/ins-4.png","url":"#"}},"1619455274a70d7089-4":{"type":"image","settings":{"image":"shopify:\/\/shop_images\/ins-5.png","url":"#"}}},"block_order":["1619455274a70d7089-0","1619455274a70d7089-1","1619455274a70d7089-2","1619455274a70d7089-3","1619455274a70d7089-4"],"settings":{"has_container":true,"title":"Express yourself with #fastor <br>on instagram","sub_title_text":"Follow Us on Instagram","mt_lg":14,"pt_lg":0,"mb_lg":0,"pb_lg":15,"mt":5,"pt":0,"mb":0,"pb":0}},"1620972091f5a355dd":{"type":"home-slideshow","blocks":{"1620972091f5a355dd-0":{"type":"slide_image_left","settings":{"color_bg":"#999da4","image":"shopify:\/\/shop_images\/slide1_fc2cd569-558e-4104-91d6-2d2e3634f1aa.png","title":"Life from the<br> comic book","color_title":"black","fs_title":6,"description":"Retro games t-shitrs!","color_description":"dark","fs_description":2,"button_text":"Shop now","button_url":"shopify:\/\/collections\/all"}},"b5a84fcf-f761-4296-a0b8-88db28bbc2c3":{"type":"pin_product","settings":{"pos_x":38,"pos_y":59,"product":"imac","label":"1"}},"bd484698-6dc0-4f85-8d29-fb71e858dfc0":{"type":"pin_product","settings":{"pos_x":58,"pos_y":38,"product":"macbook-pro","label":"2"}},"5c17f27c-38cf-4085-bdcd-0ba91929bd4b":{"type":"pin_product","settings":{"pos_x":68,"pos_y":78,"product":"ipod-touch","label":"3"}},"70ddf9ba-b90f-459b-bef5-ba94ad202bfe":{"type":"slide_image_left","settings":{"color_bg":"#999da4","image":"shopify:\/\/shop_images\/slide2_13931160-40ec-49bc-9039-8fe555e6295c.png","title":"Street fashion<br>not only for <br>the street","color_title":"black","fs_title":6,"description":"Retro games t-shitrs!","color_description":"dark","fs_description":2,"button_text":"Shop now","button_url":"shopify:\/\/collections"}},"d86ddd81-74f8-4cda-a4ea-fc85589b1dd2":{"type":"pin_product","settings":{"pos_x":45,"pos_y":58,"product":"htc-touch-hd","label":"1"}},"df88224b-0e7c-4920-bbb8-7f8f8db849bc":{"type":"pin_product","settings":{"pos_x":50,"pos_y":21,"product":"macbook-air","label":"2"}},"989ebd30-f9ab-45ff-b39e-b4b833803f9b":{"type":"slide_image_left","settings":{"color_bg":"#999da4","image":"shopify:\/\/shop_images\/slide3_8f59ea54-6eb1-47c2-bae9-033d6bc7a84d.png","title":"The best<br> accessories<br>of 2021!","color_title":"black","fs_title":6,"description":"Retro games t-shitrs!","color_description":"dark","fs_description":2,"button_text":"Button text"}},"55961799-a12f-4c27-bd34-d337da10defb":{"type":"pin_product","settings":{"pos_x":44,"pos_y":71,"product":"hp-lp3065","label":"1"}},"a1e67fd9-a39b-4f5c-858a-75ea6f2cdfe5":{"type":"pin_product","settings":{"pos_x":46,"pos_y":17,"product":"ipod-nano","label":"2"}},"e043ede7-977b-41b2-8729-c4c254f4c14c":{"type":"pin_product","settings":{"pos_x":73,"pos_y":82,"product":"ipod-shuffle","label":"3"}}},"block_order":["1620972091f5a355dd-0","b5a84fcf-f761-4296-a0b8-88db28bbc2c3","bd484698-6dc0-4f85-8d29-fb71e858dfc0","5c17f27c-38cf-4085-bdcd-0ba91929bd4b","70ddf9ba-b90f-459b-bef5-ba94ad202bfe","d86ddd81-74f8-4cda-a4ea-fc85589b1dd2","df88224b-0e7c-4920-bbb8-7f8f8db849bc","989ebd30-f9ab-45ff-b39e-b4b833803f9b","55961799-a12f-4c27-bd34-d337da10defb","a1e67fd9-a39b-4f5c-858a-75ea6f2cdfe5","e043ede7-977b-41b2-8729-c4c254f4c14c"],"settings":{"has_container":false,"mt_lg":0,"pt_lg":0,"mb_lg":0,"pb_lg":0,"mt":0,"pt":0,"mb":0,"pb":0}},"16209726781c6a29a4":{"type":"home-banners-2cols","blocks":{"162097267705689a7d-0":{"type":"banner_1","settings":{"position":"col_1","width_destop":"12","width_tablet":"6","image":"shopify:\/\/shop_images\/banner-1_886c4841-2544-4afa-b867-c1eceddd1f34.png","title":"Men","sub_title":"","button_url":"shopify:\/\/collections\/all","content_hori_align":"x-left pl-8","content_vert_align":"y-top pt-8","fs_title":3.5,"fs_subtitle":2.5,"color_text":"black"}},"162097267705689a7d-1":{"type":"banner_1","settings":{"position":"col_1","width_destop":"12","width_tablet":"6","image":"shopify:\/\/shop_images\/banner-3_34b29ad5-5d7d-47fd-9e47-6fbb51ea04e5.png","title":"Street style<br>has its own<br>rules","sub_title":"","button_url":"shopify:\/\/collections\/all","content_hori_align":"x-left pl-8","content_vert_align":"y-top pt-8","fs_title":3.5,"fs_subtitle":2.5,"color_text":"white"}},"162097267705689a7d-2":{"type":"banner_1","settings":{"position":"col_2","width_destop":"12","width_tablet":"6","image":"shopify:\/\/shop_images\/banner-2_02d99509-dcc0-4c2c-a75c-849af9a0d55b.png","title":"Women","sub_title":"","button_url":"shopify:\/\/collections\/all","content_hori_align":"x-left pl-8","content_vert_align":"y-top pt-8","fs_title":3.5,"fs_subtitle":2.5,"color_text":"black"}},"2af3a7d4-ee36-458d-a41b-54870fb23641":{"type":"banner_1","settings":{"position":"col_2","width_destop":"12","width_tablet":"6","image":"shopify:\/\/shop_images\/banner-4_e62fe072-9d7b-4898-a96c-ebf1b6edc50a.png","title":"Accessories","sub_title":"","button_url":"shopify:\/\/collections\/all","content_hori_align":"x-left pl-8","content_vert_align":"y-top pt-8","fs_title":3.5,"fs_subtitle":2.5,"color_text":"black"}},"39660baf-9c5b-4e87-8f06-aadeed61bc8c":{"type":"banner_3","settings":{"position":"bottom","width_destop":"12","width_tablet":"12","color_bg":"#ffeeef","title":"Up to 15% discount on your first purchase!","description":"Use discount code in checkout to get the discount.","button_text":"FREE15FIRST","fs_title":3.5,"fs_description":2.5,"color_text":"primary"}}},"block_order":["162097267705689a7d-0","162097267705689a7d-1","162097267705689a7d-2","2af3a7d4-ee36-458d-a41b-54870fb23641","39660baf-9c5b-4e87-8f06-aadeed61bc8c"],"settings":{"has_container":true,"no_gutter":false,"mt_lg":12,"pt_lg":0,"mb_lg":0,"pb_lg":0,"mt":5,"pt":0,"mb":0,"pb":0}},"1620973246c74aca01":{"type":"home-products-list","settings":{"has_container":true,"title":"New Arrivals","items_limit":8,"items_per_row":4,"collection":"bestsellers","has_bottom_separate":true,"mt_lg":12,"pt_lg":0,"mb_lg":0,"pb_lg":0,"mt":5,"pt":0,"mb":0,"pb":0}},"16209739482bb37600":{"type":"home-articles-list","blocks":{"61e565c9-1b54-4cfb-9540-dc4ab5ec3bef":{"type":"article","settings":{"article_id":"news\/the-best-ways-to-change-your-summer-wardrobe-into-autumn-wardrobe","custom_image":"shopify:\/\/shop_images\/blog-1_4eed2604-998b-43ff-872d-874b4d5035b2.png"}},"fcb47af7-d70a-43bc-806d-590bf9460335":{"type":"article","settings":{"article_id":"news\/mens-fashion-in-leather","custom_image":"shopify:\/\/shop_images\/blog-2_2f8c7c27-2cf1-4972-ace0-35a88f13748b.png"}},"00f05b70-30f5-4191-90bf-6ff482960ac5":{"type":"article","settings":{"article_id":"news\/a-team-of-designers-that-make-dreams-come-true","custom_image":"shopify:\/\/shop_images\/blog-3_3cf653b8-5523-4a24-bc86-f488adf89ca2.png"}}},"block_order":["61e565c9-1b54-4cfb-9540-dc4ab5ec3bef","fcb47af7-d70a-43bc-806d-590bf9460335","00f05b70-30f5-4191-90bf-6ff482960ac5"],"settings":{"has_container":true,"has_separate":false,"title":"The real stories<br>behind our brand","items_visible":3,"item_type":"default","mt_lg":6,"pt_lg":0,"mb_lg":0,"pb_lg":0,"mt":5,"pt":0,"mb":0,"pb":0}},"16209760488d52c579":{"type":"home-video-banner","settings":{"has_container":true,"type":"default","video_url":"https:\/\/www.youtube.com\/watch?v=HidKu1w7msY","image_bg":"shopify:\/\/shop_images\/banner-5_c6d18065-9288-40ca-9bf3-817ff58a68f4.png","title":"A team of designers<br> that make dreams<br> come true","sub_title":"","description":"Unique clothes for everyone!","button_text":"Read more","button_url":"shopify:\/\/collections\/all","fs_title":5.5,"fs_description":2.2,"mt_lg":18,"pt_lg":0,"mb_lg":0,"pb_lg":0,"mt":5,"pt":0,"mb":0,"pb":0}},"16209762583086212b":{"type":"home-products-tabs","blocks":{"1620976258d71aade5-0":{"type":"collection","settings":{"title":"Bestsellers","collection":"store-7-bestsellers","visible_items":4,"limit":4}},"1620976258d71aade5-1":{"type":"collection","settings":{"title":"Featured","collection":"bestsellers","visible_items":4,"limit":4}},"1620976258d71aade5-2":{"type":"collection","settings":{"title":"Special","collection":"store-7-bestsellers","visible_items":4,"limit":4}}},"block_order":["1620976258d71aade5-0","1620976258d71aade5-1","1620976258d71aade5-2"],"settings":{"has_container":true,"mt_lg":15,"pt_lg":0,"mb_lg":0,"pb_lg":0,"mt":5,"pt":0,"mb":0,"pb":0}}},"order":["1620972091f5a355dd","16209726781c6a29a4","1620973246c74aca01","16209760488d52c579","16209762583086212b","16209739482bb37600","1619455274a70d7089"]}