{"current":{"color_primary":"#d9121f","color_primary_dark":"#191919","color_secondary":"#d9121f","color_body":"#191919","color_light":"#f5f5f5","type_first_font":"poppins_n7","type_second_font":"poppins_n4","type_third_font":"poppins_n4","predictive_search_show_vendor":true,"predictive_search_show_price":true,"header_type":"5","megamenu_linklist_width_3":"6","megamenu_linklist_cols_3":3,"megamenu_bg_image_3":"shopify:\/\/shop_images\/submenu.png","megamenu_linklist_width_4":"5","megamenu_linklist_cols_4":1,"megamenu_bg_image_4":"shopify:\/\/shop_images\/submenu2.png","footer_type":"2","social_twitter_link":"","social_facebook_link":"#","social_pinterest_link":"#","social_instagram_link":"#","social_snapchat_link":"","social_youtube_link":"#","social_vimeo_link":"","product_item_type":"","product_item_image_ratio":"3\/4","product_template":"","product_swatch_color":true,"product_swatch_size":true,"product_swatch_color_advanced":true,"enable_review":true,"enable_wishlist":true,"wishlist_page":"wishlist","enable_compare":true,"product_sale_badge":"percent","sizechart":"size-chart","enable_ask_about_product":true,"product_grouped_heading":"Frequently bought together","product_grouped":"frequently-bought-together-1","collection_page_type":"","page_bg_color":"#3c63a4","page_bg_image":"shopify:\/\/shop_images\/page-header-back.jpg","notfound_image":"shopify:\/\/shop_images\/404.png","blog_template":"mask-grid","addtocart_type":"minicart","enforce_googlefont_heading":true,"enforce_googlefont_heading_name":"Jost","enforce_googlefont_body":true,"enforce_googlefont_body_name":"Jost","sections":{"mobile-menu":{"type":"mobile-menu","settings":{"menu_linklist":"midoo-main-menu"}},"product-template":{"type":"product-template","settings":{"product_fullwidth":false,"show_sku":true,"show_vendor":true,"show_stock":true,"show_quantity_selector":true,"enable_payment_button":true,"show_share_buttons":true,"thumbnails_position":"left","media_size":"medium","enable_image_zoom":true,"shipping_info":"","enable_video_looping":false,"featured_products_enable":true,"featured_products_heading":"New Arrivals","featured_products":"bestsellers","show_stock_countdown":true,"stock_countdown_highlight_color":"#d9121f","show_stock_countdown_fake":true,"stock_countdown_fake_from":10,"stock_countdown_fake_to":40,"show_total_sold":true,"total_sold_qty_min":5,"total_sold_qty_max":20,"total_sold_time_min":4,"total_sold_time_max":24,"product_promotions":true,"product_promotion_icon_1":"<svg width=\"24\" height=\"24\" viewbox=\"0 0 24 24\" fill=\"none\" xmlns=\"http:\/\/www.w3.org\/2000\/svg\">\n<path d=\"M6.26998 19.6403C7.32485 19.6403 8.17998 18.7852 8.17998 17.7303C8.17998 16.6754 7.32485 15.8203 6.26998 15.8203C5.21512 15.8203 4.35999 16.6754 4.35999 17.7303C4.35999 18.7852 5.21512 19.6403 6.26998 19.6403Z\" stroke=\"#191919\" stroke-width=\"1.5\" stroke-miterlimit=\"10\"><\/path>\n<path d=\"M17.73 19.6403C18.7849 19.6403 19.64 18.7852 19.64 17.7303C19.64 16.6754 18.7849 15.8203 17.73 15.8203C16.6751 15.8203 15.82 16.6754 15.82 17.7303C15.82 18.7852 16.6751 19.6403 17.73 19.6403Z\" stroke=\"#191919\" stroke-width=\"1.5\" stroke-miterlimit=\"10\"><\/path>\n<path d=\"M4.36 17.7303H1.5V4.36035H18.68V8.18035L20.59 12.0004L22.5 13.0704V17.7303H19.64\" stroke=\"#191919\" stroke-width=\"1.5\" stroke-miterlimit=\"10\"><\/path>\n<path d=\"M15.82 17.7305H8.17999\" stroke=\"#191919\" stroke-width=\"1.5\" stroke-miterlimit=\"10\"><\/path>\n<path d=\"M20.59 11.9997H14.86V8.17969H18.68\" stroke=\"#191919\" stroke-width=\"1.5\" stroke-miterlimit=\"10\"><\/path>\n<\/svg>","product_promotion_text_1":"Free delivery","product_promotion_icon_2":"<svg width=\"24\" height=\"24\" viewbox=\"0 0 24 24\" fill=\"none\" xmlns=\"http:\/\/www.w3.org\/2000\/svg\">\n<path d=\"M18.68 1.5H5.32L1.5 8.18V22.5H22.5V8.18L18.68 1.5Z\" stroke=\"#191919\" stroke-width=\"1.5\" stroke-miterlimit=\"10\"><\/path>\n<path d=\"M4.35999 18.6797H8.17998\" stroke=\"#191919\" stroke-width=\"1.5\" stroke-miterlimit=\"10\"><\/path>\n<path d=\"M12 1.5V12\" stroke=\"#191919\" stroke-width=\"1.5\" stroke-miterlimit=\"10\"><\/path>\n<path d=\"M1.5 8.17969H22.5\" stroke=\"#191919\" stroke-width=\"1.5\" stroke-miterlimit=\"10\"><\/path>\n<\/svg>","product_promotion_text_2":"Non-contact shipping","product_promotion_icon_3":"<svg width=\"24\" height=\"24\" viewbox=\"0 0 24 24\" fill=\"none\" xmlns=\"http:\/\/www.w3.org\/2000\/svg\">\n<path d=\"M20.59 1.5V7.23H4.36003C3.62944 7.18682 2.94296 6.86617 2.44095 6.33362C1.93895 5.80107 1.65936 5.09686 1.65936 4.365C1.65936 3.63314 1.93895 2.92893 2.44095 2.39638C2.94296 1.86383 3.62944 1.54318 4.36003 1.5H20.59Z\" stroke=\"#191919\" stroke-width=\"1.5\" stroke-miterlimit=\"10\" stroke-linecap=\"square\"><\/path>\n<path d=\"M18.68 13H22.5V16.82H18.68C18.1735 16.82 17.6876 16.6188 17.3294 16.2606C16.9713 15.9024 16.77 15.4166 16.77 14.91C16.77 14.4034 16.9713 13.9176 17.3294 13.5594C17.6876 13.2012 18.1735 13 18.68 13Z\" stroke=\"#191919\" stroke-width=\"1.5\" stroke-miterlimit=\"10\" stroke-linecap=\"square\"><\/path>\n<path d=\"M22.5 7.23035V22.5004H3.41002C2.90426 22.4977 2.41997 22.2956 2.06235 21.938C1.70472 21.5804 1.50264 21.0961 1.50002 20.5904V4.36035C1.4987 4.73677 1.57171 5.10975 1.71485 5.4579C1.85798 5.80604 2.06844 6.12251 2.33415 6.38914C2.59985 6.65578 2.91558 6.86734 3.26323 7.01169C3.61087 7.15605 3.98359 7.23035 4.36002 7.23035H22.5Z\" stroke=\"#191919\" stroke-width=\"1.5\" stroke-miterlimit=\"10\" stroke-linecap=\"square\"><\/path>\n<\/svg>","product_promotion_text_3":"Money-back quarantee","product_promotion_icon_4":"<svg width=\"24\" height=\"24\" viewbox=\"0 0 24 24\" fill=\"none\" xmlns=\"http:\/\/www.w3.org\/2000\/svg\">\n<path d=\"M12 22.5C9.3077 21.9634 6.88461 20.5103 5.14333 18.3879C3.40206 16.2656 2.45026 13.6053 2.45001 10.86V3.41L12 1.5L21.55 3.41V10.86C21.5498 13.6053 20.598 16.2656 18.8567 18.3879C17.1154 20.5103 14.6923 21.9634 12 22.5V22.5Z\" stroke=\"#191919\" stroke-width=\"1.5\" stroke-miterlimit=\"10\"><\/path>\n<path d=\"M7.22998 10.93L10.81 14.51L16.77 8.54004\" stroke=\"#191919\" stroke-width=\"1.5\" stroke-miterlimit=\"10\"><\/path>\n<\/svg>","product_promotion_text_4":"Secure payments","product_images":true}},"password-content":{"type":"password-content","settings":{"image":"shopify:\/\/shop_images\/coming-soon.jpg","newsletter_enable":true,"newsletter_form_heading":"Coming Soon","newsletter_form_subheading":"<p>We are currently working on an awesome new site. Stay tuned for more information. Subscribe to our newsletter to stay updated on our progress.<\/p>","newsletter_placeholder":"Enter Your Email Address","newsletter_button_text":"Subscribe","countdown":"01-19-2023"}},"page-contact-template":{"type":"page-contact-template","settings":{"info_heading":"CONTACT US","info_subheading":"Looking for help? Fill the form and start a new adventure.","info_address":"1600 Amphitheatre Parkway New York WC1 1BA","info_phone":"1.800.458.556","map":"<iframe src=\"https:\/\/www.google.com\/maps\/embed?pb=!1m18!1m12!1m3!1d3168.7447225135934!2d-122.09883048488443!3d37.419508279825585!2m3!1f0!2f0!3f0!3m2!1i1024!2i768!4f13.1!3m3!1m2!1s0x808fbb6fa5c601d9%3A0x282331437f7bc7b!2s1600%20Amphitheatre%20Pkwy%2C%20Mountain%20View%2C%20CA%2094043%2C%20USA!5e0!3m2!1sen!2s!4v1611058321480!5m2!1sen!2s\" width=\"100%\" height=\"450\" frameborder=\"0\" style=\"border:0;\" allowfullscreen=\"\" aria-hidden=\"false\" tabindex=\"0\"><\/iframe>"}},"page-faq-template":{"type":"page-faq-template","blocks":{"bd2c0533-40cc-4b0f-a9fc-3255a36f12f1":{"type":"faq","settings":{"question":"First Question?","answer":"De moveat laudatur vestra parum doloribus labitur sentire partes, eripuit praesenti congressus ostendit alienae, voluptati ornateque accusamus clamat reperietur convicia albucius, veniat quocirca vivendi aristotele errorem epicurus. Suppetet. Aeternum animadversionis."}},"89cbc9a4-5c3e-4cf6-9e04-042823dda6ac":{"type":"faq","settings":{"question":"Second Question?","answer":"De moveat laudatur vestra parum doloribus labitur sentire partes, eripuit praesenti congressus ostendit alienae, voluptati ornateque accusamus clamat reperietur convicia albucius, veniat quocirca vivendi aristotele errorem epicurus. Suppetet. Aeternum animadversionis."}},"1e84922c-a921-429c-9ab4-5c04422edd2b":{"type":"faq","settings":{"question":"Third Question?","answer":"De moveat laudatur vestra parum doloribus labitur sentire partes, eripuit praesenti congressus ostendit alienae, voluptati ornateque accusamus clamat reperietur convicia albucius, veniat quocirca vivendi aristotele errorem epicurus. Suppetet. Aeternum animadversionis."}}},"block_order":["bd2c0533-40cc-4b0f-a9fc-3255a36f12f1","89cbc9a4-5c3e-4cf6-9e04-042823dda6ac","1e84922c-a921-429c-9ab4-5c04422edd2b"],"settings":{}},"page-about-template":{"type":"page-about-template","settings":{}},"article-template":{"type":"article-template","settings":{"blog_show_author":true,"blog_show_date":true,"related_posts_visible":3,"related_posts_limit":4}},"list-collections-template":{"type":"list-collections-template","settings":{}},"collection-template-banner-sidebar":{"type":"collection-template-banner-sidebar","blocks":{"defa0621-8724-4ef8-ae35-a9dacf2b2bc0":{"type":"filter","settings":{"title":"Size","tags":"Small,Medium,Large,Extra Large"}}},"block_order":["defa0621-8724-4ef8-ae35-a9dacf2b2bc0"],"settings":{"layout":"grid","grid":3,"limit":"12","sort_enable":true,"tags_enable":true,"banner_used":true,"banner_image":"shopify:\/\/shop_images\/banner_1a2e6f91-48e0-448c-90da-1f7ed59a2019.jpg","banner_title":"With <br> sidebar","banner_title_stress":"Banner","banner_subtitle":"Riode shop","banner_description":"Simple and Fresh ShopStyle","cat_list":true,"cat_list_heading":"All Categories","cat_list_linklist":"main-menu","featured":false,"featured_heading":"Our featured","featured_collection":""}},"collection-template-boxed-banner":{"type":"collection-template-boxed-banner","blocks":{"ffb9bc01-68f5-46df-a059-92377dcbcd01":{"type":"filter","settings":{"title":"Color","tags":"Black,Red,White,Blue"}},"6b452a11-d6d8-416c-80c5-eb1bb94cd262":{"type":"filter","settings":{"title":"Size","tags":"Small,Medium,Large,Extra Large"}}},"block_order":["ffb9bc01-68f5-46df-a059-92377dcbcd01","6b452a11-d6d8-416c-80c5-eb1bb94cd262"],"settings":{"layout":"grid","grid":3,"limit":"12","sort_enable":true,"tags_enable":true,"banner_used":true,"banner_image":"shopify:\/\/shop_images\/banner2_047da78f-59be-47bf-ae24-c7416a69fd9c.jpg","banner_title":"Style","banner_title_stress":"Boxed banner","banner_subtitle":"Riode shop","banner_description":"Select between any our","banner_description_stress":"Categories style","cat_list":true,"cat_list_heading":"All Categories","cat_list_linklist":"main-menu","featured":false,"featured_heading":"Our featured","featured_collection":""}},"collection-template-infinite-ajaxscroll":{"type":"collection-template-infinite-ajaxscroll","settings":{"layout":"grid","grid":4,"show_collection_image":true,"sort_enable":true,"tags_enable":true,"cat_list":true,"cat_list_heading":"All Categories","cat_list_linklist":"","featured":true,"featured_heading":"Our featured","featured_collection":""}},"collection-template-horizontal-filter":{"type":"collection-template-horizontal-filter","blocks":{"97320741-bf2b-4938-a936-9c1bf3317baa":{"type":"filter","settings":{"title":"Select Size","tags":"Small, Medium, Large, Extra Large"}},"fd477cdf-141b-4eb5-b084-198334d03737":{"type":"filter","settings":{"title":"Select Color","tags":"Black, Blue, Green"}}},"block_order":["97320741-bf2b-4938-a936-9c1bf3317baa","fd477cdf-141b-4eb5-b084-198334d03737"],"settings":{"layout":"grid","grid":3,"limit":"12","show_collection_image":true,"sort_enable":true,"tags_enable":true}},"collection-template-horizontal-filtertoggle":{"type":"collection-template-horizontal-filtertoggle","blocks":{"c3575c00-467d-439e-b853-14783703a6c2":{"type":"filter","settings":{"title":"Size","tags":"Small, Medium, Large, Extra Large"}}},"block_order":["c3575c00-467d-439e-b853-14783703a6c2"],"settings":{"layout":"grid","grid":3,"limit":"12","show_collection_image":true,"sort_enable":true,"tags_enable":true}},"collection-template-offcanvas-sidebar":{"type":"collection-template-offcanvas-sidebar","blocks":{"f467bc4c-2524-4bf6-8f78-427c9e8a8322":{"type":"filter","settings":{"title":"Size","tags":"Small, Medium, Large, Extra Large"}}},"block_order":["f467bc4c-2524-4bf6-8f78-427c9e8a8322"],"settings":{"layout":"grid","grid":6,"limit":"15","show_collection_image":true,"sort_enable":true,"tags_enable":true,"cat_list":true,"cat_list_heading":"All Categories","cat_list_linklist":"main-menu","featured":true,"featured_heading":"Our featured","featured_collection":""}},"collection-template-right-sidebar":{"type":"collection-template-right-sidebar","settings":{"layout":"grid","grid":3,"limit":"12","show_collection_image":true,"sort_enable":true,"tags_enable":true,"cat_list":true,"cat_list_heading":"All Categories","cat_list_linklist":"","featured":true,"featured_heading":"Our featured","featured_collection":""}},"161945431862b2c7f4":{"type":"home-benefits","blocks":{"161945431862b2c7f4-0":{"type":"benefit","settings":{"svg_html":"<svg width=\"16\" height=\"16\" viewbox=\"0 0 16 16\" fill=\"none\" xmlns=\"http:\/\/www.w3.org\/2000\/svg\">\n<path d=\"M4.18007 13.0933C4.88331 13.0933 5.4534 12.5232 5.4534 11.82C5.4534 11.1167 4.88331 10.5466 4.18007 10.5466C3.47683 10.5466 2.90674 11.1167 2.90674 11.82C2.90674 12.5232 3.47683 13.0933 4.18007 13.0933Z\" stroke=\"#191919\" stroke-width=\"1.5\" stroke-miterlimit=\"10\"><\/path>\n<path d=\"M11.8202 13.0933C12.5235 13.0933 13.0935 12.5232 13.0935 11.82C13.0935 11.1167 12.5235 10.5466 11.8202 10.5466C11.117 10.5466 10.5469 11.1167 10.5469 11.82C10.5469 12.5232 11.117 13.0933 11.8202 13.0933Z\" stroke=\"#191919\" stroke-width=\"1.5\" stroke-miterlimit=\"10\"><\/path>\n<path d=\"M2.90667 11.8201H1V2.90674H12.4533V5.4534L13.7267 8.00007L15 8.7134V11.8201H13.0933\" stroke=\"#191919\" stroke-width=\"1.5\" stroke-miterlimit=\"10\"><\/path>\n<path d=\"M10.5465 11.8199H5.45312\" stroke=\"#191919\" stroke-width=\"1.5\" stroke-miterlimit=\"10\"><\/path>\n<path d=\"M13.7267 8.00004H9.90674V5.45337H12.4534\" stroke=\"#191919\" stroke-width=\"1.5\" stroke-miterlimit=\"10\"><\/path>\n<\/svg>","title":"","description":"Free delivery"}},"161945431862b2c7f4-1":{"type":"benefit","settings":{"svg_html":"<svg width=\"16\" height=\"16\" viewbox=\"0 0 16 16\" fill=\"none\" xmlns=\"http:\/\/www.w3.org\/2000\/svg\">\n<path d=\"M12.4533 1H3.54667L1 5.45333V15H15V5.45333L12.4533 1Z\" stroke=\"#191919\" stroke-width=\"1.5\" stroke-miterlimit=\"10\"><\/path>\n<path d=\"M2.90674 12.4534H5.4534\" stroke=\"#191919\" stroke-width=\"1.5\" stroke-miterlimit=\"10\"><\/path>\n<path d=\"M8 1V8\" stroke=\"#191919\" stroke-width=\"1.5\" stroke-miterlimit=\"10\"><\/path>\n<path d=\"M1 5.45337H15\" stroke=\"#191919\" stroke-width=\"1.5\" stroke-miterlimit=\"10\"><\/path>\n<\/svg>","title":"","description":"Non-contact shipping"}},"161945431862b2c7f4-2":{"type":"benefit","settings":{"svg_html":"<svg width=\"16\" height=\"16\" viewbox=\"0 0 16 16\" fill=\"none\" xmlns=\"http:\/\/www.w3.org\/2000\/svg\">\n<path d=\"M13.7269 1V4.82H2.90689C2.41983 4.79121 1.96217 4.57744 1.62751 4.22241C1.29284 3.86738 1.10645 3.3979 1.10645 2.91C1.10645 2.4221 1.29284 1.95262 1.62751 1.59759C1.96217 1.24256 2.41983 1.02879 2.90689 1H13.7269Z\" stroke=\"#191919\" stroke-width=\"1.5\" stroke-miterlimit=\"10\" stroke-linecap=\"square\"><\/path>\n<path d=\"M12.4535 8.66663H15.0002V11.2133H12.4535C12.1158 11.2133 11.7919 11.0791 11.5531 10.8403C11.3143 10.6015 11.1802 10.2777 11.1802 9.93996C11.1802 9.60225 11.3143 9.27837 11.5531 9.03958C11.7919 8.80078 12.1158 8.66663 12.4535 8.66663Z\" stroke=\"#191919\" stroke-width=\"1.5\" stroke-miterlimit=\"10\" stroke-linecap=\"square\"><\/path>\n<path d=\"M15 4.82007V15.0001H2.27334C1.93618 14.9983 1.61332 14.8636 1.3749 14.6252C1.13648 14.3868 1.00176 14.0639 1.00001 13.7267V2.90674C0.999134 3.15769 1.0478 3.40634 1.14323 3.63844C1.23866 3.87053 1.37896 4.08151 1.5561 4.25927C1.73324 4.43702 1.94372 4.57806 2.17549 4.6743C2.40725 4.77054 2.65573 4.82007 2.90668 4.82007H15Z\" stroke=\"#191919\" stroke-width=\"1.5\" stroke-miterlimit=\"10\" stroke-linecap=\"square\"><\/path>\n<\/svg>","title":"","description":"Money back guarantee"}},"161945431862b2c7f4-3":{"type":"benefit","settings":{"svg_html":"<svg width=\"16\" height=\"16\" viewbox=\"0 0 16 16\" fill=\"none\" xmlns=\"http:\/\/www.w3.org\/2000\/svg\">\n<path d=\"M7.99997 15C6.2051 14.6423 4.5897 13.6735 3.42885 12.2586C2.268 10.8437 1.63347 9.07017 1.6333 7.24V2.27333L7.99997 1L14.3666 2.27333V7.24C14.3665 9.07017 13.7319 10.8437 12.5711 12.2586C11.4102 13.6735 9.79484 14.6423 7.99997 15V15Z\" stroke=\"#191919\" stroke-width=\"1.5\" stroke-miterlimit=\"10\"><\/path>\n<path d=\"M4.82031 7.28669L7.20698 9.67336L11.1803 5.69336\" stroke=\"#191919\" stroke-width=\"1.5\" stroke-miterlimit=\"10\"><\/path>\n<\/svg>","title":"","description":"Secure payments"}}},"block_order":["161945431862b2c7f4-0","161945431862b2c7f4-1","161945431862b2c7f4-2","161945431862b2c7f4-3"],"settings":{"type":"1","has_container":true,"has_top_separate":true,"has_bottom_separate":true,"no_gutter":false,"items_per_row":4,"mt_lg":9,"pt_lg":0,"mb_lg":0,"pb_lg":10,"mt":5,"pt":0,"mb":0,"pb":0}},"1619455274a70d7089":{"type":"home-images-feed","blocks":{"1619455274a70d7089-0":{"type":"image","settings":{"image":"shopify:\/\/shop_images\/ins-1.png","url":"#"}},"1619455274a70d7089-1":{"type":"image","settings":{"image":"shopify:\/\/shop_images\/ins-2.png","url":"#"}},"1619455274a70d7089-2":{"type":"image","settings":{"image":"shopify:\/\/shop_images\/ins-3.png","url":"#"}},"1619455274a70d7089-3":{"type":"image","settings":{"image":"shopify:\/\/shop_images\/ins-4.png","url":"#"}},"1619455274a70d7089-4":{"type":"image","settings":{"image":"shopify:\/\/shop_images\/ins-5.png","url":"#"}}},"block_order":["1619455274a70d7089-0","1619455274a70d7089-1","1619455274a70d7089-2","1619455274a70d7089-3","1619455274a70d7089-4"],"settings":{"has_container":true,"title":"Express yourself with #fastor <br>on instagram","sub_title_text":"Follow Us on Instagram","mt_lg":18,"pt_lg":0,"mb_lg":0,"pb_lg":0,"mt":5,"pt":0,"mb":0,"pb":0}},"header-2":{"type":"header-2","settings":{"announcement_used":true,"announcement_text":"Summer sale for all swim suits - off 50%!","top_button_text":"Shop Now","top_button_url":"shopify:\/\/collections\/all","header_logo":"shopify:\/\/shop_images\/LOGO_c63989d8-dd81-4315-95fe-0ceeaa9a27b4.png","main_menu":true,"main_menu_linklist":"midoo-main-menu","top_currency":true,"top_language":true}},"home-benefits":{"type":"home-benefits","blocks":{"a7371e66-52e4-4817-8f30-bc73b3c50474":{"type":"benefit","settings":{"svg_html":"<svg width=\"24\" height=\"24\" viewbox=\"0 0 24 24\" fill=\"none\" xmlns=\"http:\/\/www.w3.org\/2000\/svg\">\n<path d=\"M6.26998 19.6403C7.32485 19.6403 8.17998 18.7852 8.17998 17.7303C8.17998 16.6754 7.32485 15.8203 6.26998 15.8203C5.21512 15.8203 4.35999 16.6754 4.35999 17.7303C4.35999 18.7852 5.21512 19.6403 6.26998 19.6403Z\" stroke=\"#191919\" stroke-width=\"1.5\" stroke-miterlimit=\"10\"><\/path>\n<path d=\"M17.73 19.6403C18.7849 19.6403 19.64 18.7852 19.64 17.7303C19.64 16.6754 18.7849 15.8203 17.73 15.8203C16.6751 15.8203 15.82 16.6754 15.82 17.7303C15.82 18.7852 16.6751 19.6403 17.73 19.6403Z\" stroke=\"#191919\" stroke-width=\"1.5\" stroke-miterlimit=\"10\"><\/path>\n<path d=\"M4.36 17.7303H1.5V4.36035H18.68V8.18035L20.59 12.0004L22.5 13.0704V17.7303H19.64\" stroke=\"#191919\" stroke-width=\"1.5\" stroke-miterlimit=\"10\"><\/path>\n<path d=\"M15.82 17.7305H8.17999\" stroke=\"#191919\" stroke-width=\"1.5\" stroke-miterlimit=\"10\"><\/path>\n<path d=\"M20.59 11.9997H14.86V8.17969H18.68\" stroke=\"#191919\" stroke-width=\"1.5\" stroke-miterlimit=\"10\"><\/path>\n<\/svg>","title":"","description":"Free delivery"}},"138d61bd-93cb-444a-ae63-c37a32f20b91":{"type":"benefit","settings":{"svg_html":"<svg width=\"24\" height=\"24\" viewbox=\"0 0 24 24\" fill=\"none\" xmlns=\"http:\/\/www.w3.org\/2000\/svg\">\n<path d=\"M18.68 1.5H5.32L1.5 8.18V22.5H22.5V8.18L18.68 1.5Z\" stroke=\"#191919\" stroke-width=\"1.5\" stroke-miterlimit=\"10\"><\/path>\n<path d=\"M4.35999 18.6797H8.17998\" stroke=\"#191919\" stroke-width=\"1.5\" stroke-miterlimit=\"10\"><\/path>\n<path d=\"M12 1.5V12\" stroke=\"#191919\" stroke-width=\"1.5\" stroke-miterlimit=\"10\"><\/path>\n<path d=\"M1.5 8.17969H22.5\" stroke=\"#191919\" stroke-width=\"1.5\" stroke-miterlimit=\"10\"><\/path>\n<\/svg>","title":"","description":"Non-contact shipping"}},"4a8dd94c-d667-4334-b7d3-02a15d56cfc0":{"type":"benefit","settings":{"svg_html":"<svg width=\"24\" height=\"24\" viewbox=\"0 0 24 24\" fill=\"none\" xmlns=\"http:\/\/www.w3.org\/2000\/svg\">\n<path d=\"M20.59 1.5V7.23H4.36C3.62941 7.18682 2.94293 6.86617 2.44092 6.33362C1.93892 5.80107 1.65933 5.09686 1.65933 4.365C1.65933 3.63314 1.93892 2.92893 2.44092 2.39638C2.94293 1.86383 3.62941 1.54318 4.36 1.5H20.59Z\" stroke=\"#191919\" stroke-width=\"1.5\" stroke-miterlimit=\"10\" stroke-linecap=\"square\"><\/path>\n<path d=\"M18.68 13H22.5V16.82H18.68C18.1734 16.82 17.6876 16.6188 17.3294 16.2606C16.9712 15.9024 16.77 15.4166 16.77 14.91C16.77 14.4034 16.9712 13.9176 17.3294 13.5594C17.6876 13.2012 18.1734 13 18.68 13Z\" stroke=\"#191919\" stroke-width=\"1.5\" stroke-miterlimit=\"10\" stroke-linecap=\"square\"><\/path>\n<path d=\"M22.5 7.23035V22.5004H3.40999C2.90423 22.4977 2.41994 22.2956 2.06232 21.938C1.70469 21.5804 1.50261 21.0961 1.49999 20.5904V4.36035C1.49867 4.73677 1.57168 5.10975 1.71481 5.4579C1.85795 5.80604 2.06841 6.12251 2.33412 6.38914C2.59982 6.65578 2.91555 6.86734 3.2632 7.01169C3.61084 7.15605 3.98356 7.23035 4.35999 7.23035H22.5Z\" stroke=\"#191919\" stroke-width=\"1.5\" stroke-miterlimit=\"10\" stroke-linecap=\"square\"><\/path>\n<\/svg>","title":"","description":"Money-back quarantee"}},"d59a1d88-08c3-47c2-9d9e-8e584c6b6df9":{"type":"benefit","settings":{"svg_html":"<svg width=\"24\" height=\"24\" viewbox=\"0 0 24 24\" fill=\"none\" xmlns=\"http:\/\/www.w3.org\/2000\/svg\">\n<path d=\"M12 22.5C9.30769 21.9634 6.8846 20.5103 5.14332 18.3879C3.40205 16.2656 2.45025 13.6053 2.45 10.86V3.41L12 1.5L21.55 3.41V10.86C21.5498 13.6053 20.598 16.2656 18.8567 18.3879C17.1154 20.5103 14.6923 21.9634 12 22.5V22.5Z\" stroke=\"#191919\" stroke-width=\"1.5\" stroke-miterlimit=\"10\"><\/path>\n<path d=\"M7.23 10.93L10.81 14.51L16.77 8.54004\" stroke=\"#191919\" stroke-width=\"1.5\" stroke-miterlimit=\"10\"><\/path>\n<\/svg>","title":"","description":"Secure payments"}}},"block_order":["a7371e66-52e4-4817-8f30-bc73b3c50474","138d61bd-93cb-444a-ae63-c37a32f20b91","4a8dd94c-d667-4334-b7d3-02a15d56cfc0","d59a1d88-08c3-47c2-9d9e-8e584c6b6df9"],"settings":{"type":"1","has_container":true,"items_per_row":4}},"header-1":{"type":"header-1","settings":{"announcement_used":true,"announcement_text":"Summer sale for all swim suits - off 50%!","top_button_text":"Shop Now","header_logo":"shopify:\/\/shop_images\/LOGO.png","main_menu":true,"main_menu_linklist":"midoo-main-menu","top_currency":true,"top_language":true}},"header-3":{"type":"header-3","settings":{"announcement_used":true,"announcement_text":"Summer sale for all swim suits - off 50%","top_button_text":"Shop Now","top_button_url":"shopify:\/\/collections\/all","header_logo":"shopify:\/\/shop_images\/logo_59eb71e5-8350-4f48-9133-ad999714f844.png","main_menu":true,"main_menu_linklist":"midoo-main-menu","top_currency":true,"top_language":true}},"1620791189d87735ab":{"type":"home-newsletter","settings":{"has_container":false,"color":"white","color_bg":"#222222","title":"Join our newsletter and bew always on time with news!","sub_title":"","description":"...and get $20 for your  first order","has_top_separate":false,"has_bottom_separate":true,"separator_for_dark":true,"mt_lg":18,"pt_lg":18,"mb_lg":0,"pb_lg":12,"mt":5,"pt":5,"mb":0,"pb":5}},"footer-1":{"type":"footer-1","settings":{"menu_1":true,"menu_linklist_1":"","menu_title_show_1":false,"menu_2":true,"menu_linklist_2":"","menu_title_show_2":false,"menu_3":true,"menu_linklist_3":"","menu_title_show_3":false,"newsletter":true,"newsletter_action":"","newsletter_heading":"Newsletter","newsletter_desc":"","social_icons":true,"contact_phone":"","contact_email":"","copyright":"Fastor eCommerce &copy; 2021. All Rights Reserved"}},"footer-2":{"type":"footer-2","blocks":{"1d1c6d68-1b62-4f4a-bf22-b24417180ad5":{"type":"menu","settings":{"menu_linklist":"men-1","custom_heading":""}},"b618832d-cef3-41e1-b156-3428474167ae":{"type":"menu","settings":{"menu_linklist":"women-1","custom_heading":""}},"4fed5e09-e152-49da-8e9e-f031dccea4ea":{"type":"menu","settings":{"menu_linklist":"women","custom_heading":""}}},"block_order":["1d1c6d68-1b62-4f4a-bf22-b24417180ad5","b618832d-cef3-41e1-b156-3428474167ae","4fed5e09-e152-49da-8e9e-f031dccea4ea"],"settings":{"color":"white","color_bg":"dark","contact_phone":"(+800) 1234 5678 90","contact_email":"info@company.com","social_icons":true,"image_payments":"shopify:\/\/shop_images\/payment.png","copyright":"Copyright © 2021, Your Store. All Rights Reserved.","menus_border_top":false,"menus_border_bottom":true,"mt_lg":0,"pt_lg":0,"pb_lg":0,"mt":0,"pt":5,"pb":0}},"header-4":{"type":"header-4","settings":{"social_icons":true,"contact_phone":"(+800) 1234 5678 90","contact_email":"info@company.com","header_logo":"shopify:\/\/shop_images\/logo_59eb71e5-8350-4f48-9133-ad999714f844.png","main_menu":true,"main_menu_linklist":"midoo-main-menu","top_currency":true,"top_language":true}},"1620798169dde26408":{"type":"home-banners","blocks":{"1620798169dde26408-0":{"type":"banner_1","settings":{"width_destop":"6","width_tablet":"12","width_mobile":"12","image":"shopify:\/\/shop_images\/banner-1_474ea6dd-9c29-49f7-a6c2-f8a7cd1aa7f0.png","title":"Naughty <br> boy!","sub_title":"","button_url":"shopify:\/\/collections\/all","content_hori_align":"x-left pl-8","content_vert_align":"y-top pt-8","fs_title":4,"fs_subtitle":2.5,"color_text":"white"}},"1620798169dde26408-1":{"type":"banner_1","settings":{"width_destop":"6","width_tablet":"12","width_mobile":"12","image":"shopify:\/\/shop_images\/banner-2_937b10af-ae39-450b-bdab-32da57ae2b8c.png","title":"Street<br> style","sub_title":"","button_url":"shopify:\/\/collections\/all","content_hori_align":"x-left pl-8","content_vert_align":"y-top pt-8","fs_title":4,"fs_subtitle":2.5,"color_text":"white"}},"5fe5dc6f-26b2-4581-8bcc-063bb140ad16":{"type":"banner_3","settings":{"width_destop":"12","width_tablet":"12","width_mobile":"12","color_bg":"#ffeeef","title":"Up to 15% discount on your first purchase!","description":"Use discount code in checkout to get the discount.","button_text":"FREE15FIRST","fs_title":3.5,"fs_description":2,"color_text":"primary"}}},"block_order":["1620798169dde26408-0","1620798169dde26408-1","5fe5dc6f-26b2-4581-8bcc-063bb140ad16"],"settings":{"has_container":true,"no_gutter":false,"mt_lg":8,"pt_lg":0,"mb_lg":0,"pb_lg":0,"mt":5,"pt":0,"mb":0,"pb":0}},"162079965124c8780d":{"type":"home-video-banner","settings":{"has_container":true,"type":"floating","video_url":"https:\/\/www.youtube.com\/watch?v=HidKu1w7msY","image_bg":"shopify:\/\/shop_images\/banner-7_03cc223f-0928-4f0b-b1d4-2fb0c34f01d3.png","title":"A team of designers<br> that make dreams<br> come true","sub_title":"","description":"Unique clothes for everyone!","button_text":"Read more","button_url":"shopify:\/\/collections\/all","fs_title":5.5,"fs_description":2.2,"mt_lg":18,"pt_lg":0,"mb_lg":0,"pb_lg":0,"mt":5,"pt":0,"mb":0,"pb":0}},"header-5":{"type":"header-5","blocks":{"af19d8ee-c92f-4da0-b801-95fa1712e712":{"type":"banner2","settings":{"hook":"Men","image":"shopify:\/\/shop_images\/slider_0e1536a8-42ec-451c-b4ca-84e2293dc4a5.png","title":"The latest men's trends<br> this season","description":"New collections!","button_text":"Shop now","button_url":"shopify:\/\/collections\/all","content_hori_align":"right","content_vert_align":"y-50","fs_title":4,"fs_description":2,"color_text":"white"}},"d28d1653-7f0e-41cb-a53f-e7c675741406":{"type":"banner1","settings":{"hook":"Women","order":3,"width_destop":"4","image":"shopify:\/\/shop_images\/banner_-_6.png","title":"Street style<br>  has its own<br>  rules","sub_title":"","button_url":"shopify:\/\/collections\/all","content_hori_align":"x-left pl-8","content_vert_align":"y-top pt-8","fs_title":3,"fs_subtitle":2.5,"color_text":"white"}},"536cbac4-4ea2-44da-9f5a-9bc7a3dce414":{"type":"product","settings":{"hook":"Women","order":4,"width_destop":"3","product":"apple-cinema-30"}},"97e3f532-cad1-422c-8753-e810871f61bb":{"type":"circle_collection","settings":{"hook":"Categories","order":1,"width_destop":"2","collection":"bestsellers","bk_image":"shopify:\/\/shop_images\/cat-1_196x196_2x_99b8f9e2-331f-4ed0-bd6a-c35697f6ce3e.png","bk_title":"Women"}},"3b0ab801-10be-4c32-9fde-21880701afec":{"type":"circle_collection","settings":{"hook":"Categories","order":2,"width_destop":"2","collection":"bestsellers","bk_image":"shopify:\/\/shop_images\/cat-2_196x196_2x_668117d2-f091-4ef2-8698-10502abc0bc4.png","bk_title":"Men"}},"e3fee616-a936-40c6-9a60-e938ad33d04e":{"type":"circle_collection","settings":{"hook":"Categories","order":3,"width_destop":"2","collection":"bestsellers","bk_image":"shopify:\/\/shop_images\/cat-3_196x196_2x_def27b4f-fc8e-4525-906c-a54a98729ef4.png","bk_title":"Shoes"}},"559c3f74-1844-41c1-89d4-2b12948a582a":{"type":"circle_collection","settings":{"hook":"Categories","order":4,"width_destop":"2","collection":"bestsellers","bk_image":"shopify:\/\/shop_images\/cat-4_196x196_2x_e1bb1f8e-abe4-4c3a-b528-8bedd56a5324.png","bk_title":"Bags"}},"dff0d6c1-db38-42bb-88ba-7d2c9350b10f":{"type":"circle_collection","settings":{"hook":"Categories","order":5,"width_destop":"2","collection":"bestsellers","bk_image":"shopify:\/\/shop_images\/cat-5_196x196_2x_36e64abb-b925-4793-a4b8-0474afd394dc.png","bk_title":"Glasses"}},"09527de9-a447-4fd1-9def-15be16763950":{"type":"circle_collection","settings":{"hook":"Categories","order":6,"width_destop":"2","collection":"bestsellers","bk_image":"shopify:\/\/shop_images\/cat-6_196x196_2x_3bbf05a4-d3eb-4de9-b489-6a9236376c0c.png","bk_title":"Jewelry"}}},"block_order":["af19d8ee-c92f-4da0-b801-95fa1712e712","d28d1653-7f0e-41cb-a53f-e7c675741406","536cbac4-4ea2-44da-9f5a-9bc7a3dce414","97e3f532-cad1-422c-8753-e810871f61bb","3b0ab801-10be-4c32-9fde-21880701afec","e3fee616-a936-40c6-9a60-e938ad33d04e","559c3f74-1844-41c1-89d4-2b12948a582a","dff0d6c1-db38-42bb-88ba-7d2c9350b10f","09527de9-a447-4fd1-9def-15be16763950"],"settings":{"social_icons":true,"contact_phone":"(+800) 1234 5678 90","contact_email":"info@company.com","announcement_used":true,"announcement_text":"Summer sale for all swim suits - off 50%","top_button_text":"Shop Now","top_button_url":"shopify:\/\/collections\/all","header_logo":"shopify:\/\/shop_images\/LOGO_d55917da-77aa-4cfb-8ef9-2c6079d3ed99.png","main_menu":true,"main_menu_linklist":"midoo-main-menu","top_currency":true,"top_language":true}},"1620806919e3172d9b":{"type":"home-slideshow-floating","blocks":{"1620806919e3172d9b-0":{"type":"slide_image_left","settings":{"color_bg":"#f2f2f2","image":"shopify:\/\/shop_images\/slide1_c242df42-22a0-48bf-993c-2884cf50bc72.png","title":"Street fashion \n<br>not only for\n<br> the street","color_title":"black","description":"New collections!","color_description":"dark","button_text":"Shop now","button_url":"shopify:\/\/collections\/all"}},"2f7eddd5-3f34-4cc4-b46e-efdd2b99394b":{"type":"slide_image_left","settings":{"color_bg":"#f2f2f2","image":"shopify:\/\/shop_images\/slide2_ca71e82e-e579-448b-b557-372a74aea268.png","title":"The best\n<br> accessories\n<br>of 2021","color_title":"black","description":"New collections!","color_description":"dark","button_text":"Shop now","button_url":"shopify:\/\/collections\/all"}},"9f6b8685-cc1f-47b0-af2d-bef2a6b783e2":{"type":"slide_image_left","settings":{"color_bg":"#f2f2f2","image":"shopify:\/\/shop_images\/slide3_8d16c8b2-71b1-485a-a20a-1f0f3db893d0.png","title":"Be ready\n<br> for the next\n<br>summer!","color_title":"black","description":"New collections!","color_description":"dark","button_text":"Shop now","button_url":"shopify:\/\/collections\/all"}}},"block_order":["1620806919e3172d9b-0","2f7eddd5-3f34-4cc4-b46e-efdd2b99394b","9f6b8685-cc1f-47b0-af2d-bef2a6b783e2"],"settings":{"has_container":false,"mt_lg":0,"pt_lg":0,"mb_lg":0,"pb_lg":10,"mt":0,"pt":0,"mb":0,"pb":5}},"1620811097dfb6993d":{"type":"home-circle-categories-list","blocks":{"1620811097dfb6993d-0":{"type":"category","settings":{"collection":"bestsellers","bk_image":"shopify:\/\/shop_images\/cat-1.png","bk_title":"Women"}},"1620811097dfb6993d-1":{"type":"category","settings":{"collection":"bestsellers","bk_image":"shopify:\/\/shop_images\/cat-2.png","bk_title":"Men"}},"1620811097dfb6993d-2":{"type":"category","settings":{"collection":"bestsellers","bk_image":"shopify:\/\/shop_images\/cat-3.png","bk_title":"Shoes"}},"1620811097dfb6993d-3":{"type":"category","settings":{"collection":"bestsellers","bk_image":"shopify:\/\/shop_images\/cat-4.png","bk_title":"Bags"}},"215874d8-7877-471c-80f4-c2dde5ebc90a":{"type":"category","settings":{"collection":"bestsellers","bk_image":"shopify:\/\/shop_images\/cat-5.png","bk_title":"Glasses"}},"a9a7d9ce-4a67-4bc2-ae21-a07a353343f0":{"type":"category","settings":{"collection":"bestsellers","bk_image":"shopify:\/\/shop_images\/cat-6.png","bk_title":"Jewelry"}}},"block_order":["1620811097dfb6993d-0","1620811097dfb6993d-1","1620811097dfb6993d-2","1620811097dfb6993d-3","215874d8-7877-471c-80f4-c2dde5ebc90a","a9a7d9ce-4a67-4bc2-ae21-a07a353343f0"],"settings":{"title":"","has_container":true,"items_visible":6,"mt_lg":7,"pt_lg":0,"mb_lg":0,"pb_lg":10,"mt":5,"pt":0,"mb":0,"pb":0}},"1620875969be284ee5":{"type":"home-double-floating-banner","settings":{"has_container":true,"floating_side":"right","image_1":"shopify:\/\/shop_images\/banner-3_9f450e86-4d36-422d-b2bf-36391412f1bd.png","image_2":"shopify:\/\/shop_images\/banner-4_e8c7b780-0eb0-4b7d-aff1-3fb5e17a6c49.png","title":"2021 Collection<br>now on sale","sub_title":"Check now!","button_text":"Shop now","fs_title":5.5,"fs_subtitle":2.2,"featured_products_used":true,"featured_products_collection":"bestsellers","mt_lg":18,"pt_lg":0,"mb_lg":0,"pb_lg":0,"mt":5,"pt":0,"mb":0,"pb":0}},"162090748428ee0572":{"type":"home-double-floating-banner","settings":{"has_container":true,"floating_side":"left","image_1":"shopify:\/\/shop_images\/banner-5_f2c940e9-c0b0-41bd-8932-804215503122.png","image_2":"shopify:\/\/shop_images\/banner-6_b8c3d327-209a-4f60-96c0-66bfa8016780.png","title":"The best<br>accessories of 2021!","sub_title":"Now at a special price!","button_text":"Shop now","button_url":"shopify:\/\/collections\/all","fs_title":5.5,"fs_subtitle":2.2,"featured_products_used":true,"featured_products_collection":"store5-the-best-accessories","mt_lg":20,"pt_lg":4,"mb_lg":0,"pb_lg":0,"mt":5,"pt":0,"mb":0,"pb":0}},"1620925154285b2eb0":{"type":"home-products-tabs","blocks":{"1620925154285b2eb0-0":{"type":"collection","settings":{"title":"Bestsellers","collection":"store-5-bestseller","visible_items":4,"limit":4}},"1620925154285b2eb0-1":{"type":"collection","settings":{"title":"Featured","collection":"store-5-featured","visible_items":4,"limit":4}},"1620925154285b2eb0-2":{"type":"collection","settings":{"title":"Special","collection":"bestsellers","visible_items":4,"limit":4}}},"block_order":["1620925154285b2eb0-0","1620925154285b2eb0-1","1620925154285b2eb0-2"],"settings":{"has_container":true,"mt_lg":15,"pt_lg":0,"mb_lg":0,"pb_lg":0,"mt":5,"pt":0,"mb":0,"pb":0}},"16209683401fb5051c":{"type":"home-articles-list","blocks":{"ba291c74-c6eb-46cb-a754-a53973d0ae6a":{"type":"article","settings":{"article_id":"news\/the-best-ways-to-change-your-summer-wardrobe-into-autumn-wardrobe","custom_image":"shopify:\/\/shop_images\/blog-1_b9df1a7f-7804-49ec-910d-9a35c5165648.png"}}},"block_order":["ba291c74-c6eb-46cb-a754-a53973d0ae6a"],"settings":{"has_container":true,"has_separate":true,"title":"","items_visible":1,"item_type":"landscape","mt_lg":20,"pt_lg":4,"mb_lg":0,"pb_lg":0,"mt":5,"pt":0,"mb":0,"pb":0}}},"content_for_index":["1620806919e3172d9b","1620811097dfb6993d","1620798169dde26408","1620875969be284ee5","162090748428ee0572","1620925154285b2eb0","161945431862b2c7f4","162079965124c8780d","16209683401fb5051c","1619455274a70d7089","1620791189d87735ab"]}}