{"sections":{"1600746143555":{"type":"creative-builder","blocks":{"1602579343339":{"type":"group-start","settings":{"width":100,"width_mobile":100,"hori_scroll_mobile":false,"is_slider":true,"slider_items":1,"slider_items_mobile":1,"slider_autoplay":false,"slider_interval":2000,"slider_arrow_pos":"cent-side"}},"1600844294435":{"type":"banner","settings":{"width":100,"width_mobile":100,"height":540,"mobile_height":230,"has_padding":true,"bg_image":"shopify:\/\/shop_images\/Rectangle_1108-3_a33287a9-71d6-4ec9-b117-884b292b5c23.png","color_bg":"#cccccc","pattern":8,"color_pattern":"#efefef","heading":"NEW<br>GLAMOUR","heading_color":"#ffffff","heading_size":90,"heading_weight":400,"heading_shadow":false,"heading_bgcolor_use":false,"heading_bgcolor":"#ffffff","cap":"NEW YOU","cap_color":"#000000","cap_size":60,"cap_weight":300,"cap_shadow":false,"cap_bgcolor_use":true,"cap_bgcolor":"#ffffff","cta_text":"SHOP NOW","linked_url":"shopify:\/\/collections\/all","modern":true,"cta_color":"#ffffff","cta_bgcolor":"#000000","cta_size":18,"cta_weight":400,"linklist_enabled":false,"linklist":"","linklist_color":"#000000","linklist_size":13,"linklist_weight":400,"linklist_col":2,"linklist_type":"left","text_align":"text-align-left","side_padding_hori":70,"side_padding_vert":50,"border_top":false,"border_bottom":false,"border_left":false,"border_right":false,"mobile_border_top":false,"mobile_border_bottom":false,"mobile_border_left":false,"mobile_border_right":false,"title":"Banner","content_align_hori":false}},"1600845107201":{"type":"banner","settings":{"width":100,"width_mobile":100,"height":540,"mobile_height":230,"has_padding":true,"bg_image":"shopify:\/\/shop_images\/Rectangle_1108-2_bbcb6e3d-177c-4f10-8794-272a40a0fb13.png","color_bg":"#cccccc","pattern":8,"color_pattern":"#efefef","heading":"UNLIMITED<br>OPTIONS","heading_color":"#ffffff","heading_size":90,"heading_weight":400,"heading_shadow":false,"heading_bgcolor_use":false,"heading_bgcolor":"#ffffff","cap":"NEW STORE","cap_color":"#000000","cap_size":60,"cap_weight":300,"cap_shadow":false,"cap_bgcolor_use":true,"cap_bgcolor":"#ffffff","cta_text":"SHOP NOW","linked_url":"shopify:\/\/collections\/all","modern":true,"cta_color":"#ffffff","cta_bgcolor":"#000000","cta_size":18,"cta_weight":400,"linklist_enabled":false,"linklist":"","linklist_color":"#000000","linklist_size":13,"linklist_weight":400,"linklist_col":2,"linklist_type":"left","text_align":"text-align-left","side_padding_hori":70,"side_padding_vert":50,"border_top":false,"border_bottom":false,"border_left":false,"border_right":false,"mobile_border_top":false,"mobile_border_bottom":false,"mobile_border_left":false,"mobile_border_right":false,"title":"Banner","content_align_hori":false}},"1603360725692":{"type":"banner","settings":{"width":50,"width_mobile":50,"height":540,"mobile_height":230,"has_padding":true,"bg_image":"shopify:\/\/shop_images\/Rectangle_1108_9e20f9f2-5e84-4687-befe-fe043c0b82c8.png","color_bg":"#cccccc","pattern":8,"color_pattern":"#efefef","heading":"MEN<br>COLLECTION","heading_color":"#ffffff","heading_size":90,"heading_weight":400,"heading_shadow":false,"heading_bgcolor_use":false,"heading_bgcolor":"#ffffff","cap":"-20%","cap_color":"#000000","cap_size":60,"cap_weight":300,"cap_shadow":false,"cap_bgcolor_use":true,"cap_bgcolor":"#ffffff","cta_text":"SHOP NOW","linked_url":"shopify:\/\/collections\/all","modern":true,"cta_color":"#ffffff","cta_bgcolor":"#000000","cta_size":18,"cta_weight":400,"linklist_enabled":false,"linklist":"","linklist_color":"#000000","linklist_size":13,"linklist_weight":400,"linklist_col":2,"linklist_type":"left","text_align":"text-align-left","side_padding_hori":70,"side_padding_vert":50,"border_top":false,"border_bottom":false,"border_left":false,"border_right":false,"mobile_border_top":false,"mobile_border_bottom":false,"mobile_border_left":false,"mobile_border_right":false,"title":"Banner","content_align_hori":false}},"1602579348138":{"type":"group-end","settings":{}},"1603163887414":{"type":"group-start","settings":{"width":100,"width_mobile":100,"hori_scroll_mobile":true,"is_slider":false,"slider_items":1,"slider_items_mobile":2,"slider_autoplay":false,"slider_interval":2000,"slider_arrow_pos":"cent-side"}},"1600845552904":{"type":"banner","settings":{"width":66,"width_mobile":90,"height":300,"mobile_height":200,"has_padding":true,"bg_image":"shopify:\/\/shop_images\/Rectangle_1108-4.png","color_bg":"#cccccc","pattern":8,"color_pattern":"#efefef","heading":"LOOKBOOK 2021","heading_color":"#ffffff","heading_size":50,"heading_weight":400,"heading_shadow":false,"heading_bgcolor_use":false,"heading_bgcolor":"#ffffff","cap":"","cap_color":"#000000","cap_size":60,"cap_weight":300,"cap_shadow":false,"cap_bgcolor_use":true,"cap_bgcolor":"#ffffff","cta_text":"SHOP NOW","linked_url":"shopify:\/\/collections\/all","modern":false,"cta_color":"#000000","cta_bgcolor":"#ffffff","cta_size":18,"cta_weight":400,"linklist_enabled":false,"linklist":"","linklist_color":"#000000","linklist_size":13,"linklist_weight":400,"linklist_col":2,"linklist_type":"left","text_align":"text-align-left","side_padding_hori":10,"side_padding_vert":50,"border_top":false,"border_bottom":false,"border_left":false,"border_right":false,"mobile_border_top":false,"mobile_border_bottom":false,"mobile_border_left":false,"mobile_border_right":false,"title":"Banner","content_align_hori":false}},"1603163933308":{"type":"banner","settings":{"width":34,"width_mobile":80,"height":300,"mobile_height":200,"has_padding":true,"bg_image":"shopify:\/\/shop_images\/Rectangle_1108-3_a96084c7-9f38-466a-a658-eceb1d67f87d.png","color_bg":"#cccccc","pattern":8,"color_pattern":"#efefef","heading":"HUGE SALE","heading_color":"#ffffff","heading_size":50,"heading_weight":400,"heading_shadow":false,"heading_bgcolor_use":false,"heading_bgcolor":"#ffffff","cap":"","cap_color":"#ffffff","cap_size":14,"cap_weight":400,"cap_shadow":false,"cap_bgcolor_use":false,"cap_bgcolor":"#ffffff","cta_text":"SHOP NOW","linked_url":"shopify:\/\/collections\/all","modern":false,"cta_color":"#000000","cta_bgcolor":"#ffffff","cta_size":18,"cta_weight":400,"linklist_enabled":false,"linklist":"","linklist_color":"#000000","linklist_size":13,"linklist_weight":400,"linklist_col":2,"linklist_type":"left","text_align":"text-align-left","side_padding_hori":10,"side_padding_vert":50,"border_top":false,"border_bottom":false,"border_left":false,"border_right":false,"mobile_border_top":false,"mobile_border_bottom":false,"mobile_border_left":false,"mobile_border_right":false,"title":"Banner","content_align_hori":false}},"1603361095547":{"type":"banner","settings":{"width":50,"width_mobile":80,"height":210,"mobile_height":200,"has_padding":true,"bg_image":"shopify:\/\/shop_images\/Rectangle_1108-2_a7300911-566d-4e21-97f1-1138bf9637e1.png","color_bg":"#cccccc","pattern":8,"color_pattern":"#efefef","heading":"NEED NEW HAT","heading_color":"#ffffff","heading_size":40,"heading_weight":400,"heading_shadow":false,"heading_bgcolor_use":false,"heading_bgcolor":"#ffffff","cap":"","cap_color":"#ffffff","cap_size":14,"cap_weight":400,"cap_shadow":false,"cap_bgcolor_use":false,"cap_bgcolor":"#ffffff","cta_text":"SHOP NOW","linked_url":"shopify:\/\/collections\/all","modern":false,"cta_color":"#000000","cta_bgcolor":"#ffffff","cta_size":18,"cta_weight":400,"linklist_enabled":false,"linklist":"","linklist_color":"#000000","linklist_size":13,"linklist_weight":400,"linklist_col":2,"linklist_type":"left","text_align":"text-align-left","side_padding_hori":13,"side_padding_vert":50,"border_top":false,"border_bottom":false,"border_left":false,"border_right":false,"mobile_border_top":false,"mobile_border_bottom":false,"mobile_border_left":false,"mobile_border_right":false,"title":"Banner","content_align_hori":false}},"1603361101131":{"type":"banner","settings":{"width":50,"width_mobile":80,"height":210,"mobile_height":200,"has_padding":true,"bg_image":"shopify:\/\/shop_images\/Rectangle_1108_15734a1e-12f6-4e67-95cf-913f12949064.png","color_bg":"#cccccc","pattern":8,"color_pattern":"#efefef","heading":"WHITE SHIRTS","heading_color":"#ffffff","heading_size":40,"heading_weight":400,"heading_shadow":false,"heading_bgcolor_use":false,"heading_bgcolor":"#ffffff","cap":"","cap_color":"#ffffff","cap_size":14,"cap_weight":400,"cap_shadow":false,"cap_bgcolor_use":false,"cap_bgcolor":"#ffffff","cta_text":"SHOP NOW","linked_url":"shopify:\/\/collections\/all","modern":false,"cta_color":"#000000","cta_bgcolor":"#ffffff","cta_size":18,"cta_weight":400,"linklist_enabled":false,"linklist":"","linklist_color":"#000000","linklist_size":13,"linklist_weight":400,"linklist_col":2,"linklist_type":"left","text_align":"text-align-left","side_padding_hori":13,"side_padding_vert":50,"border_top":false,"border_bottom":false,"border_left":false,"border_right":false,"mobile_border_top":false,"mobile_border_bottom":false,"mobile_border_left":false,"mobile_border_right":false,"title":"Banner","content_align_hori":false}},"1603163891472":{"type":"group-end","settings":{}},"1603362128876":{"type":"spacing","settings":{"width":100,"width_mobile":0,"height":50,"mobile_height":30,"color_bg":"rgba(0,0,0,0)","line_thick":0,"line_width":100,"color_line":"#e6e7e8","line_align":"center"}}},"block_order":["1602579343339","1600844294435","1600845107201","1603360725692","1602579348138","1603163887414","1600845552904","1603163933308","1603361095547","1603361101131","1603163891472","1603362128876"],"settings":{"title":"Slider and banners","heading_hide":true,"heading_underline":true,"underline_color":"#685858","heading_center":true,"heading_fontsize":27,"heading_button":"","heading_button_url":"shopify:\/\/collections\/all","has_container":true,"has_padding":false,"color_bg":"rgba(0,0,0,0)","pattern":0,"color_pattern":"#b9b9b9","center_content":false,"has_padding_smallscreen":false,"hori_scroll_mobile":false}},"1601007560458":{"type":"creative-builder","blocks":{"1601007578406":{"type":"banner","settings":{"width":50,"width_mobile":75,"height":300,"mobile_height":250,"has_padding":false,"bg_image":"shopify:\/\/shop_images\/palm_treo_pro_1-copy_01.png","color_bg":"#cccccc","pattern":8,"color_pattern":"#efefef","heading":"","heading_color":"#000000","heading_size":60,"heading_weight":400,"heading_shadow":false,"heading_bgcolor_use":false,"heading_bgcolor":"#ffffff","cap":"MEN","cap_color":"#808080","cap_size":12,"cap_weight":400,"cap_shadow":false,"cap_bgcolor_use":false,"cap_bgcolor":"#ffffff","cta_text":"","linked_url":"shopify:\/\/collections\/all","modern":false,"cta_color":"#000000","cta_bgcolor":"#ffffff","cta_size":18,"cta_weight":400,"linklist_enabled":true,"linklist":"men","linklist_color":"#000000","linklist_size":14,"linklist_weight":400,"linklist_col":2,"linklist_type":"left","text_align":"text-align-left","side_padding_hori":10,"side_padding_vert":50,"border_top":false,"border_bottom":true,"border_left":false,"border_right":false,"mobile_border_top":false,"mobile_border_bottom":false,"mobile_border_left":false,"mobile_border_right":false,"title":"Banner","content_align_hori":false}},"1601007588841":{"type":"banner","settings":{"width":50,"width_mobile":100,"height":300,"mobile_height":250,"has_padding":false,"bg_image":"shopify:\/\/shop_images\/palm_treo_pro_1-copy_02.png","color_bg":"#cccccc","pattern":8,"color_pattern":"#efefef","heading":"","heading_color":"#ffffff","heading_size":50,"heading_weight":400,"heading_shadow":false,"heading_bgcolor_use":false,"heading_bgcolor":"#ffffff","cap":"WOMEN","cap_color":"#808080","cap_size":12,"cap_weight":400,"cap_shadow":false,"cap_bgcolor_use":false,"cap_bgcolor":"#ffffff","cta_text":"","linked_url":"shopify:\/\/collections\/all","modern":false,"cta_color":"#000000","cta_bgcolor":"#ffffff","cta_size":18,"cta_weight":400,"linklist_enabled":true,"linklist":"women","linklist_color":"#000000","linklist_size":14,"linklist_weight":400,"linklist_col":2,"linklist_type":"left","text_align":"text-align-left","side_padding_hori":10,"side_padding_vert":50,"border_top":false,"border_bottom":true,"border_left":false,"border_right":false,"mobile_border_top":false,"mobile_border_bottom":false,"mobile_border_left":false,"mobile_border_right":false,"title":"Banner","content_align_hori":false}},"1603206384876":{"type":"spacing","settings":{"width":100,"width_mobile":0,"height":50,"mobile_height":30,"color_bg":"rgba(0,0,0,0)","line_thick":0,"line_width":100,"color_line":"#e6e7e8","line_align":"center"}}},"block_order":["1601007578406","1601007588841","1603206384876"],"settings":{"title":"Men - Women","heading_hide":true,"heading_underline":false,"underline_color":"#3a3a3a","heading_center":true,"heading_fontsize":27,"heading_button":"","heading_button_url":"shopify:\/\/collections\/all","has_container":true,"has_padding":false,"color_bg":"rgba(0,0,0,0)","pattern":0,"color_pattern":"#b9b9b9","center_content":false,"has_padding_smallscreen":false,"hori_scroll_mobile":true}},"1601371831722":{"type":"creative-builder","blocks":{"1601371838874":{"type":"collection","settings":{"width":100,"width_mobile":100,"has_padding":false,"collection_id":"latest-products","limit":8,"hori_scroll_mobile":true,"is_slider":true,"slider_items":4,"slider_items_mobile":2,"slider_arrow_pos":"cent-side","title":""}},"1603049257144":{"type":"spacing","settings":{"width":100,"width_mobile":0,"height":70,"mobile_height":20,"color_bg":"rgba(0,0,0,0)","line_thick":0,"line_width":100,"color_line":"#e6e7e8","line_align":"center"}}},"block_order":["1601371838874","1603049257144"],"settings":{"title":"SUMMER COLLECTION 2021","heading_hide":false,"heading_underline":false,"underline_color":"#3a3a3a","heading_center":true,"heading_fontsize":27,"heading_button":"","heading_button_url":"shopify:\/\/collections\/all","has_container":true,"has_padding":false,"color_bg":"rgba(0,0,0,0)","pattern":0,"color_pattern":"#b9b9b9","center_content":false,"has_padding_smallscreen":true,"hori_scroll_mobile":false}},"1602841692046":{"type":"creative-builder","blocks":{"1602841702768":{"type":"banner","settings":{"width":100,"width_mobile":100,"height":310,"mobile_height":170,"has_padding":true,"bg_image":"shopify:\/\/shop_images\/Rectangle_1108-3_3ae8c35e-76fd-4cdd-b075-cce701131663.png","color_bg":"#cccccc","pattern":8,"color_pattern":"#efefef","heading":"ECO PRINT PROMOTION!","heading_color":"#ffffff","heading_size":50,"heading_weight":400,"heading_shadow":false,"heading_bgcolor_use":false,"heading_bgcolor":"#ffffff","cap":"","cap_color":"#000000","cap_size":60,"cap_weight":400,"cap_shadow":false,"cap_bgcolor_use":true,"cap_bgcolor":"#ffffff","cta_text":"SHOP NOW","linked_url":"shopify:\/\/collections\/all","modern":false,"cta_color":"#000000","cta_bgcolor":"#ffffff","cta_size":18,"cta_weight":400,"linklist_enabled":false,"linklist":"","linklist_color":"#000000","linklist_size":13,"linklist_weight":400,"linklist_col":2,"linklist_type":"left","text_align":"text-align-left","side_padding_hori":7,"side_padding_vert":50,"border_top":false,"border_bottom":false,"border_left":false,"border_right":false,"mobile_border_top":false,"mobile_border_bottom":false,"mobile_border_left":false,"mobile_border_right":false,"title":"Banner","content_align_hori":false}},"1603279884721":{"type":"group-start","settings":{"width":100,"width_mobile":100,"hori_scroll_mobile":true,"is_slider":false,"slider_items":1,"slider_items_mobile":2,"slider_autoplay":false,"slider_interval":2000,"slider_arrow_pos":"cent-side"}},"1602841712713":{"type":"banner","settings":{"width":50,"width_mobile":85,"height":200,"mobile_height":240,"has_padding":true,"bg_image":"shopify:\/\/shop_images\/Rectangle_1108-2_fd723024-9595-4953-ae7b-98d3e642885a.png","color_bg":"#bfbfbf","pattern":8,"color_pattern":"#efefef","heading":"WOMEN SALE","heading_color":"#ffffff","heading_size":40,"heading_weight":400,"heading_shadow":false,"heading_bgcolor_use":false,"heading_bgcolor":"#ffffff","cap":"","cap_color":"#ffffff","cap_size":14,"cap_weight":400,"cap_shadow":false,"cap_bgcolor_use":false,"cap_bgcolor":"#ffffff","cta_text":"SHOP NOW","linked_url":"shopify:\/\/collections\/all","modern":false,"cta_color":"#000000","cta_bgcolor":"#ffffff","cta_size":18,"cta_weight":400,"linklist_enabled":false,"linklist":"","linklist_color":"#000000","linklist_size":13,"linklist_weight":400,"linklist_col":2,"linklist_type":"left","text_align":"text-align-left","side_padding_hori":13,"side_padding_vert":50,"border_top":false,"border_bottom":false,"border_left":false,"border_right":false,"mobile_border_top":false,"mobile_border_bottom":false,"mobile_border_left":false,"mobile_border_right":false,"title":"Banner","content_align_hori":false}},"1603279941608":{"type":"banner","settings":{"width":50,"width_mobile":100,"height":200,"mobile_height":240,"has_padding":true,"bg_image":"shopify:\/\/shop_images\/Rectangle_1108_167cf74b-47d9-41b7-92da-30cae6758571.png","color_bg":"#cccccc","pattern":8,"color_pattern":"#efefef","heading":"MEN SALE","heading_color":"#ffffff","heading_size":40,"heading_weight":400,"heading_shadow":false,"heading_bgcolor_use":false,"heading_bgcolor":"#ffffff","cap":"","cap_color":"#ffffff","cap_size":14,"cap_weight":400,"cap_shadow":false,"cap_bgcolor_use":false,"cap_bgcolor":"#ffffff","cta_text":"SHOP NOW","linked_url":"shopify:\/\/collections\/all","modern":false,"cta_color":"#000000","cta_bgcolor":"#ffffff","cta_size":18,"cta_weight":400,"linklist_enabled":false,"linklist":"","linklist_color":"#000000","linklist_size":13,"linklist_weight":400,"linklist_col":2,"linklist_type":"left","text_align":"text-align-left","side_padding_hori":7,"side_padding_vert":50,"border_top":false,"border_bottom":false,"border_left":false,"border_right":false,"mobile_border_top":false,"mobile_border_bottom":false,"mobile_border_left":false,"mobile_border_right":false,"title":"Banner","content_align_hori":false}},"1603279888365":{"type":"group-end","settings":{}},"1603049227136":{"type":"spacing","settings":{"width":100,"width_mobile":0,"height":30,"mobile_height":20,"color_bg":"rgba(0,0,0,0)","line_thick":0,"line_width":100,"color_line":"#e6e7e8","line_align":"center"}}},"block_order":["1602841702768","1603279884721","1602841712713","1603279941608","1603279888365","1603049227136"],"settings":{"title":"Banners","heading_hide":true,"heading_underline":false,"underline_color":"#3a3a3a","heading_center":true,"heading_fontsize":27,"heading_button":"","heading_button_url":"shopify:\/\/collections\/all","has_container":true,"has_padding":true,"color_bg":"rgba(0,0,0,0)","pattern":0,"color_pattern":"#b9b9b9","center_content":false,"has_padding_smallscreen":false,"hori_scroll_mobile":false}},"1603053446548":{"type":"creative-builder","blocks":{"1603053456629":{"type":"promotion","settings":{"width":33,"width_mobile":75,"height":40,"mobile_height":120,"has_padding":false,"linked_url":"shopify:\/\/collections\/all","title":"FREE SHIPPING & RETURN","icon":"speed-truck","icon_pos":"row","hori_alignment":"end","vert_alignment":"center","side_padding_hori":0,"side_padding_vert":0,"icon_size":27,"font_size":18,"font_weight":300,"color_text":"#000000","color_bg":"#e7ecf7","border_top":false,"border_bottom":false,"border_left":false,"border_right":false,"mobile_border_top":false,"mobile_border_bottom":false,"mobile_border_left":false,"mobile_border_right":false}},"1603054028838":{"type":"promotion","settings":{"width":34,"width_mobile":75,"height":40,"mobile_height":120,"has_padding":false,"linked_url":"shopify:\/\/collections\/all","title":"MONEY BACK GUARANTEE","icon":"speed-truck","icon_pos":"row","hori_alignment":"center","vert_alignment":"center","side_padding_hori":0,"side_padding_vert":0,"icon_size":27,"font_size":18,"font_weight":300,"color_text":"#000000","color_bg":"#e7ecf7","border_top":false,"border_bottom":false,"border_left":false,"border_right":false,"mobile_border_top":false,"mobile_border_bottom":false,"mobile_border_left":false,"mobile_border_right":false}},"1603079791331":{"type":"promotion","settings":{"width":33,"width_mobile":75,"height":40,"mobile_height":120,"has_padding":false,"linked_url":"shopify:\/\/collections\/all","title":"FAST AND RELIABLE SUPPORT","icon":"speed-truck","icon_pos":"row","hori_alignment":"start","vert_alignment":"center","side_padding_hori":0,"side_padding_vert":0,"icon_size":27,"font_size":18,"font_weight":300,"color_text":"#000000","color_bg":"#e7ecf7","border_top":false,"border_bottom":false,"border_left":false,"border_right":false,"mobile_border_top":false,"mobile_border_bottom":false,"mobile_border_left":false,"mobile_border_right":false}},"1603079967821":{"type":"spacing","settings":{"width":100,"width_mobile":0,"height":50,"mobile_height":30,"color_bg":"rgba(0,0,0,0)","line_thick":0,"line_width":100,"color_line":"#e6e7e8","line_align":"center"}}},"block_order":["1603053456629","1603054028838","1603079791331","1603079967821"],"settings":{"title":"Promotions","heading_hide":true,"heading_underline":false,"underline_color":"#3a3a3a","heading_center":true,"heading_fontsize":27,"heading_button":"","heading_button_url":"shopify:\/\/collections\/all","has_container":true,"has_padding":false,"color_bg":"rgba(0,0,0,0)","pattern":0,"color_pattern":"#b9b9b9","center_content":false,"has_padding_smallscreen":false,"hori_scroll_mobile":true}},"1603206554987":{"type":"creative-builder","blocks":{"1603362215786":{"type":"tab-start","settings":{"width":100,"width_mobile":100,"heading_underline":true,"underline_color":"#3a3a3a","heading_center":true}},"1603206566508":{"type":"collection","settings":{"width":100,"width_mobile":100,"has_padding":false,"collection_id":"bestsellers","limit":8,"hori_scroll_mobile":true,"is_slider":false,"slider_items":4,"slider_items_mobile":2,"slider_arrow_pos":"cent-side","title":"PRODUCT TABS"}},"1603362330881":{"type":"collection","settings":{"width":100,"width_mobile":100,"has_padding":false,"collection_id":"featured","limit":8,"hori_scroll_mobile":true,"is_slider":false,"slider_items":4,"slider_items_mobile":2,"slider_arrow_pos":"cent-side","title":"FEATURED"}},"1603362220301":{"type":"tab-end","settings":{}},"1603279109059":{"type":"spacing","settings":{"width":100,"width_mobile":0,"height":50,"mobile_height":30,"color_bg":"rgba(0,0,0,0)","line_thick":0,"line_width":100,"color_line":"#e6e7e8","line_align":"center"}}},"block_order":["1603362215786","1603206566508","1603362330881","1603362220301","1603279109059"],"settings":{"title":"Product tabs","heading_hide":true,"heading_underline":false,"underline_color":"#3a3a3a","heading_center":true,"heading_fontsize":27,"heading_button":"","heading_button_url":"shopify:\/\/collections\/all","has_container":true,"has_padding":false,"color_bg":"rgba(0,0,0,0)","pattern":0,"color_pattern":"#b9b9b9","center_content":false,"has_padding_smallscreen":false,"hori_scroll_mobile":false}},"1603363333960":{"type":"creative-builder","blocks":{"1603363346478":{"type":"review","settings":{"width":32,"width_mobile":80,"has_padding":false,"comment":"“Awesome products. Great quality. I will buy again! Never disappointed”","star":5,"signature":"SEPTEMBER 3, 2021","color_bg":"#ffffff","color_comment":"#000000","color_signature":"#999999","fontsize_comment":20,"fontsize_signature":13,"align_center":true}},"1603363351042":{"type":"review","settings":{"width":34,"width_mobile":80,"has_padding":false,"comment":"“Awesome theme!\nVery flexible theme for any needs. Customer support are very helpful if you need any help. 10\/10”","star":5,"signature":"AUGUST 19, 2021","color_bg":"#ffffff","color_comment":"#000000","color_signature":"#999999","fontsize_comment":20,"fontsize_signature":13,"align_center":true}},"1603363354872":{"type":"review","settings":{"width":33,"width_mobile":100,"has_padding":false,"comment":"“Super fast and helpful customer service and support and brilliant product!”","star":5,"signature":"- BERNHARD B. -","color_bg":"#ffffff","color_comment":"#000000","color_signature":"#999999","fontsize_comment":20,"fontsize_signature":13,"align_center":true}},"1603363976282":{"type":"spacing","settings":{"width":100,"width_mobile":0,"height":50,"mobile_height":30,"color_bg":"rgba(0,0,0,0)","line_thick":0,"line_width":100,"color_line":"#e6e7e8","line_align":"center"}}},"block_order":["1603363346478","1603363351042","1603363354872","1603363976282"],"settings":{"title":"WHAT CUSTOMERS ARE SAYING","heading_hide":false,"heading_underline":false,"underline_color":"#3a3a3a","heading_center":true,"heading_fontsize":27,"heading_button":"","heading_button_url":"shopify:\/\/collections\/all","has_container":true,"has_padding":false,"color_bg":"rgba(0,0,0,0)","pattern":0,"color_pattern":"#b9b9b9","center_content":false,"has_padding_smallscreen":false,"hori_scroll_mobile":true}}},"order":["1600746143555","1601007560458","1603206554987","1602841692046","1601371831722","1603053446548","1603363333960"]}