{"current":{"color_primary":"#d9121f","color_primary_dark":"#191919","color_secondary":"#d9121f","color_body":"#191919","color_light":"#f5f5f5","type_first_font":"poppins_n7","type_second_font":"poppins_n4","type_third_font":"poppins_n4","predictive_search_show_vendor":true,"predictive_search_show_price":true,"header_type":"1","megamenu_linklist_width_3":"6","megamenu_linklist_cols_3":3,"megamenu_bg_image_3":"shopify:\/\/shop_images\/submenu.png","megamenu_linklist_width_4":"5","megamenu_linklist_cols_4":1,"megamenu_bg_image_4":"shopify:\/\/shop_images\/submenu2.png","footer_type":"1","social_twitter_link":"","social_facebook_link":"#","social_pinterest_link":"#","social_instagram_link":"#","social_snapchat_link":"","social_youtube_link":"#","social_vimeo_link":"","product_item_type":"","product_item_image_ratio":"3\/4","product_swatch_color":true,"product_swatch_size":true,"product_swatch_color_advanced":true,"enable_review":true,"enable_wishlist":true,"wishlist_page":"wishlist","enable_compare":true,"product_sale_badge":"percent","sizechart":"size-chart","enable_ask_about_product":true,"product_grouped_heading":"Frequently bought together","product_grouped":"frequently-bought-together-1","page_bg_color":"#3c63a4","page_bg_image":"shopify:\/\/shop_images\/page-header-back.jpg","notfound_image":"shopify:\/\/shop_images\/404.png","addtocart_type":"minicart","enforce_googlefont_heading":true,"enforce_googlefont_heading_name":"Jost","enforce_googlefont_body":true,"enforce_googlefont_body_name":"Jost","product_template":"","collection_page_type":"","blog_template":"mask-grid","sections":{"mobile-menu":{"type":"mobile-menu","settings":{"menu_linklist":"midoo-main-menu"}},"password-content":{"type":"password-content","settings":{"image":"shopify:\/\/shop_images\/coming-soon.jpg","newsletter_enable":true,"newsletter_form_heading":"Coming Soon","newsletter_form_subheading":"<p>We are currently working on an awesome new site. Stay tuned for more information. Subscribe to our newsletter to stay updated on our progress.<\/p>","newsletter_placeholder":"Enter Your Email Address","newsletter_button_text":"Subscribe","countdown":"01-19-2023"}},"article-template":{"type":"article-template","settings":{"blog_show_author":true,"blog_show_date":true,"related_posts_visible":3,"related_posts_limit":4}},"list-collections-template":{"type":"list-collections-template","settings":{}},"1619455274a70d7089":{"type":"home-images-feed","blocks":{"1619455274a70d7089-0":{"type":"image","settings":{"image":"shopify:\/\/shop_images\/ins-1.png","url":"#"}},"1619455274a70d7089-1":{"type":"image","settings":{"image":"shopify:\/\/shop_images\/ins-2.png","url":"#"}},"1619455274a70d7089-2":{"type":"image","settings":{"image":"shopify:\/\/shop_images\/ins-3.png","url":"#"}},"1619455274a70d7089-3":{"type":"image","settings":{"image":"shopify:\/\/shop_images\/ins-4.png","url":"#"}},"1619455274a70d7089-4":{"type":"image","settings":{"image":"shopify:\/\/shop_images\/ins-5.png","url":"#"}}},"block_order":["1619455274a70d7089-0","1619455274a70d7089-1","1619455274a70d7089-2","1619455274a70d7089-3","1619455274a70d7089-4"],"settings":{"has_container":true,"title":"Express yourself with #fastor <br>on instagram","sub_title_text":"Follow Us on Instagram","mt_lg":14,"pt_lg":0,"mb_lg":0,"pb_lg":15,"mt":5,"pt":0,"mb":0,"pb":0}},"header-2":{"type":"header-2","settings":{"announcement_used":true,"announcement_text":"Summer sale for all swim suits - off 50%!","top_button_text":"Shop Now","top_button_url":"shopify:\/\/collections\/all","search_bg_color":"white","header_logo":"shopify:\/\/shop_images\/LOGO_c63989d8-dd81-4315-95fe-0ceeaa9a27b4.png","main_menu":true,"main_menu_linklist":"midoo-main-menu","top_currency":true,"top_language":true}},"home-benefits":{"type":"home-benefits","blocks":{"a7371e66-52e4-4817-8f30-bc73b3c50474":{"type":"benefit","settings":{"svg_html":"<svg width=\"24\" height=\"24\" viewbox=\"0 0 24 24\" fill=\"none\" xmlns=\"http:\/\/www.w3.org\/2000\/svg\">\n<path d=\"M6.26998 19.6403C7.32485 19.6403 8.17998 18.7852 8.17998 17.7303C8.17998 16.6754 7.32485 15.8203 6.26998 15.8203C5.21512 15.8203 4.35999 16.6754 4.35999 17.7303C4.35999 18.7852 5.21512 19.6403 6.26998 19.6403Z\" stroke=\"#191919\" stroke-width=\"1.5\" stroke-miterlimit=\"10\"><\/path>\n<path d=\"M17.73 19.6403C18.7849 19.6403 19.64 18.7852 19.64 17.7303C19.64 16.6754 18.7849 15.8203 17.73 15.8203C16.6751 15.8203 15.82 16.6754 15.82 17.7303C15.82 18.7852 16.6751 19.6403 17.73 19.6403Z\" stroke=\"#191919\" stroke-width=\"1.5\" stroke-miterlimit=\"10\"><\/path>\n<path d=\"M4.36 17.7303H1.5V4.36035H18.68V8.18035L20.59 12.0004L22.5 13.0704V17.7303H19.64\" stroke=\"#191919\" stroke-width=\"1.5\" stroke-miterlimit=\"10\"><\/path>\n<path d=\"M15.82 17.7305H8.17999\" stroke=\"#191919\" stroke-width=\"1.5\" stroke-miterlimit=\"10\"><\/path>\n<path d=\"M20.59 11.9997H14.86V8.17969H18.68\" stroke=\"#191919\" stroke-width=\"1.5\" stroke-miterlimit=\"10\"><\/path>\n<\/svg>","title":"","description":"Free delivery"}},"138d61bd-93cb-444a-ae63-c37a32f20b91":{"type":"benefit","settings":{"svg_html":"<svg width=\"24\" height=\"24\" viewbox=\"0 0 24 24\" fill=\"none\" xmlns=\"http:\/\/www.w3.org\/2000\/svg\">\n<path d=\"M18.68 1.5H5.32L1.5 8.18V22.5H22.5V8.18L18.68 1.5Z\" stroke=\"#191919\" stroke-width=\"1.5\" stroke-miterlimit=\"10\"><\/path>\n<path d=\"M4.35999 18.6797H8.17998\" stroke=\"#191919\" stroke-width=\"1.5\" stroke-miterlimit=\"10\"><\/path>\n<path d=\"M12 1.5V12\" stroke=\"#191919\" stroke-width=\"1.5\" stroke-miterlimit=\"10\"><\/path>\n<path d=\"M1.5 8.17969H22.5\" stroke=\"#191919\" stroke-width=\"1.5\" stroke-miterlimit=\"10\"><\/path>\n<\/svg>","title":"","description":"Non-contact shipping"}},"4a8dd94c-d667-4334-b7d3-02a15d56cfc0":{"type":"benefit","settings":{"svg_html":"<svg width=\"24\" height=\"24\" viewbox=\"0 0 24 24\" fill=\"none\" xmlns=\"http:\/\/www.w3.org\/2000\/svg\">\n<path d=\"M20.59 1.5V7.23H4.36C3.62941 7.18682 2.94293 6.86617 2.44092 6.33362C1.93892 5.80107 1.65933 5.09686 1.65933 4.365C1.65933 3.63314 1.93892 2.92893 2.44092 2.39638C2.94293 1.86383 3.62941 1.54318 4.36 1.5H20.59Z\" stroke=\"#191919\" stroke-width=\"1.5\" stroke-miterlimit=\"10\" stroke-linecap=\"square\"><\/path>\n<path d=\"M18.68 13H22.5V16.82H18.68C18.1734 16.82 17.6876 16.6188 17.3294 16.2606C16.9712 15.9024 16.77 15.4166 16.77 14.91C16.77 14.4034 16.9712 13.9176 17.3294 13.5594C17.6876 13.2012 18.1734 13 18.68 13Z\" stroke=\"#191919\" stroke-width=\"1.5\" stroke-miterlimit=\"10\" stroke-linecap=\"square\"><\/path>\n<path d=\"M22.5 7.23035V22.5004H3.40999C2.90423 22.4977 2.41994 22.2956 2.06232 21.938C1.70469 21.5804 1.50261 21.0961 1.49999 20.5904V4.36035C1.49867 4.73677 1.57168 5.10975 1.71481 5.4579C1.85795 5.80604 2.06841 6.12251 2.33412 6.38914C2.59982 6.65578 2.91555 6.86734 3.2632 7.01169C3.61084 7.15605 3.98356 7.23035 4.35999 7.23035H22.5Z\" stroke=\"#191919\" stroke-width=\"1.5\" stroke-miterlimit=\"10\" stroke-linecap=\"square\"><\/path>\n<\/svg>","title":"","description":"Money-back quarantee"}},"d59a1d88-08c3-47c2-9d9e-8e584c6b6df9":{"type":"benefit","settings":{"svg_html":"<svg width=\"24\" height=\"24\" viewbox=\"0 0 24 24\" fill=\"none\" xmlns=\"http:\/\/www.w3.org\/2000\/svg\">\n<path d=\"M12 22.5C9.30769 21.9634 6.8846 20.5103 5.14332 18.3879C3.40205 16.2656 2.45025 13.6053 2.45 10.86V3.41L12 1.5L21.55 3.41V10.86C21.5498 13.6053 20.598 16.2656 18.8567 18.3879C17.1154 20.5103 14.6923 21.9634 12 22.5V22.5Z\" stroke=\"#191919\" stroke-width=\"1.5\" stroke-miterlimit=\"10\"><\/path>\n<path d=\"M7.23 10.93L10.81 14.51L16.77 8.54004\" stroke=\"#191919\" stroke-width=\"1.5\" stroke-miterlimit=\"10\"><\/path>\n<\/svg>","title":"","description":"Secure payments"}}},"block_order":["a7371e66-52e4-4817-8f30-bc73b3c50474","138d61bd-93cb-444a-ae63-c37a32f20b91","4a8dd94c-d667-4334-b7d3-02a15d56cfc0","d59a1d88-08c3-47c2-9d9e-8e584c6b6df9"],"settings":{"type":"1","has_container":true,"no_gutter":false,"items_per_row":4}},"header-1":{"type":"header-1","blocks":{"9751d839-872d-4902-aff1-25093f43d1fa":{"type":"banner2","settings":{"hook":"Men","image":"shopify:\/\/shop_images\/slider_0e1536a8-42ec-451c-b4ca-84e2293dc4a5.png","title":"The latest men's trends<br> this season","description":"New collections!","button_text":"Shop now","content_hori_align":"right","content_vert_align":"y-50","fs_title":4,"fs_description":2,"color_text":"white"}},"4bc4731b-9b63-40e3-8e0a-b5e042d2d383":{"type":"banner1","settings":{"hook":"Women","order":3,"width_destop":"4","image":"shopify:\/\/shop_images\/banner_-_6.png","title":"Street style<br>  has its own<br>  rules","sub_title":"","button_url":"shopify:\/\/collections\/all","content_hori_align":"x-left pl-8","content_vert_align":"y-top pt-8","fs_title":3,"fs_subtitle":2,"color_text":"white"}},"c297bc63-d998-421c-b50b-01c1d582ef0d":{"type":"product","settings":{"hook":"Women","order":4,"width_destop":"3","product":"apple-cinema-30"}},"dd7d7489-5d4f-4219-9c7f-e0339c7c5d3a":{"type":"circle_collection","settings":{"hook":"Categories","order":1,"width_destop":"2","collection":"bestsellers","bk_image":"shopify:\/\/shop_images\/cat-1_196x196_2x_99b8f9e2-331f-4ed0-bd6a-c35697f6ce3e.png","bk_title":"Women"}},"041664cb-c1e8-4a8b-af90-f44b76a1eabe":{"type":"circle_collection","settings":{"hook":"Categories","order":2,"width_destop":"2","collection":"bestsellers","bk_image":"shopify:\/\/shop_images\/cat-2_196x196_2x_668117d2-f091-4ef2-8698-10502abc0bc4.png","bk_title":"Men"}},"16c51682-5538-4f0e-974c-a34d9af1c4b6":{"type":"circle_collection","settings":{"hook":"Categories","order":3,"width_destop":"2","collection":"bestsellers","bk_image":"shopify:\/\/shop_images\/cat-3_196x196_2x_def27b4f-fc8e-4525-906c-a54a98729ef4.png","bk_title":"Shoes"}},"5e38dabc-83b2-453c-8907-a25b0f03203a":{"type":"circle_collection","settings":{"hook":"Categories","order":4,"width_destop":"2","collection":"bestsellers","bk_image":"shopify:\/\/shop_images\/cat-4_196x196_2x_e1bb1f8e-abe4-4c3a-b528-8bedd56a5324.png","bk_title":"Bags"}},"ebe356e8-f696-4d4e-a685-148fc9b7bbaa":{"type":"circle_collection","settings":{"hook":"Categories","order":5,"width_destop":"2","collection":"bestsellers","bk_image":"shopify:\/\/shop_images\/cat-5_196x196_2x_36e64abb-b925-4793-a4b8-0474afd394dc.png","bk_title":"Glasses"}},"02eb1a56-f299-4b31-ad5c-91684c7b9a9c":{"type":"circle_collection","settings":{"hook":"Categories","order":6,"width_destop":"2","collection":"bestsellers","bk_image":"shopify:\/\/shop_images\/cat-6_196x196_2x_3bbf05a4-d3eb-4de9-b489-6a9236376c0c.png","bk_title":"Jewelry"}}},"block_order":["9751d839-872d-4902-aff1-25093f43d1fa","4bc4731b-9b63-40e3-8e0a-b5e042d2d383","c297bc63-d998-421c-b50b-01c1d582ef0d","dd7d7489-5d4f-4219-9c7f-e0339c7c5d3a","041664cb-c1e8-4a8b-af90-f44b76a1eabe","16c51682-5538-4f0e-974c-a34d9af1c4b6","5e38dabc-83b2-453c-8907-a25b0f03203a","ebe356e8-f696-4d4e-a685-148fc9b7bbaa","02eb1a56-f299-4b31-ad5c-91684c7b9a9c"],"settings":{"announcement_used":true,"announcement_text":"Summer sale for all swim suits - off 50%!","top_button_text":"Shop Now","top_color":"#000000","top_color_bg":"#ffeeef","header_logo":"shopify:\/\/shop_images\/LOGO.png","main_menu":true,"main_menu_linklist":"midoo-main-menu","top_currency":true,"top_language":true}},"header-3":{"type":"header-3","settings":{"announcement_used":true,"announcement_text":"Summer sale for all swim suits - off 50%","top_button_text":"Shop Now","top_button_url":"shopify:\/\/collections\/all","header_logo":"shopify:\/\/shop_images\/logo_59eb71e5-8350-4f48-9133-ad999714f844.png","main_menu":true,"main_menu_linklist":"midoo-main-menu","top_currency":true,"top_language":true}},"footer-1":{"type":"footer-1","settings":{"color":"white","color_bg":"black","menu_1":true,"menu_linklist_1":"midoo-footer-menu-1","menu_title_show_1":false,"menu_2":true,"menu_linklist_2":"midoo-footer-menu-2","menu_title_show_2":false,"menu_3":true,"menu_linklist_3":"midoo-footer-menu-3","menu_title_show_3":false,"newsletter":true,"newsletter_action":"","newsletter_heading":"Join uor newsletter and get<br>20$ for your first order","newsletter_desc":"","social_icons":true,"image_payments":"shopify:\/\/shop_images\/logo_294adeb0-e6f1-4a7b-baa0-9d8724748dc0.png","contact_phone":"(+800)1234 5678 90","contact_email":"info@company.com","copyright":"Copyright © 2021, Your Store. All Rights Reserved.","mt_lg":5,"pt_lg":5,"pb_lg":0,"mt":5,"pt":5,"pb":0}},"footer-2":{"type":"footer-2","blocks":{"1d1c6d68-1b62-4f4a-bf22-b24417180ad5":{"type":"menu","settings":{"menu_linklist":"men-1","custom_heading":""}},"b618832d-cef3-41e1-b156-3428474167ae":{"type":"menu","settings":{"menu_linklist":"women-1","custom_heading":""}},"4fed5e09-e152-49da-8e9e-f031dccea4ea":{"type":"menu","settings":{"menu_linklist":"women","custom_heading":""}}},"block_order":["1d1c6d68-1b62-4f4a-bf22-b24417180ad5","b618832d-cef3-41e1-b156-3428474167ae","4fed5e09-e152-49da-8e9e-f031dccea4ea"],"settings":{"color":"white","color_bg":"dark","contact_phone":"(+800) 1234 5678 90","contact_email":"info@company.com","social_icons":true,"image_payments":"shopify:\/\/shop_images\/payment.png","copyright":"Copyright © 2021, Your Store. All Rights Reserved."}},"header-4":{"type":"header-4","settings":{"social_icons":true,"contact_phone":"(+800) 1234 5678 90","contact_email":"info@company.com","header_logo":"shopify:\/\/shop_images\/logo_59eb71e5-8350-4f48-9133-ad999714f844.png","main_menu":true,"main_menu_linklist":"midoo-main-menu","top_currency":true,"top_language":true}},"header-5":{"type":"header-5","settings":{"social_icons":true,"contact_phone":"(+800) 1234 5678 90","contact_email":"info@company.com","announcement_used":true,"announcement_text":"Summer sale for all swim suits - off 50%","top_button_text":"Shop Now","top_button_url":"shopify:\/\/collections\/all","header_logo":"shopify:\/\/shop_images\/LOGO_d55917da-77aa-4cfb-8ef9-2c6079d3ed99.png","main_menu":true,"main_menu_linklist":"midoo-main-menu","top_currency":true,"top_language":true}},"1620972091f5a355dd":{"type":"home-slideshow","blocks":{"1620972091f5a355dd-0":{"type":"slide_image_left","settings":{"color_bg":"#999da4","image":"shopify:\/\/shop_images\/slide1_fc2cd569-558e-4104-91d6-2d2e3634f1aa.png","title":"Life from the<br> comic book","color_title":"black","fs_title":6,"description":"Retro games t-shitrs!","color_description":"dark","fs_description":2,"button_text":"Shop now","button_url":"shopify:\/\/collections\/all"}},"b5a84fcf-f761-4296-a0b8-88db28bbc2c3":{"type":"pin_product","settings":{"pos_x":38,"pos_y":59,"product":"imac","label":"1"}},"bd484698-6dc0-4f85-8d29-fb71e858dfc0":{"type":"pin_product","settings":{"pos_x":58,"pos_y":38,"product":"macbook-pro","label":"2"}},"5c17f27c-38cf-4085-bdcd-0ba91929bd4b":{"type":"pin_product","settings":{"pos_x":68,"pos_y":78,"product":"ipod-touch","label":"3"}},"70ddf9ba-b90f-459b-bef5-ba94ad202bfe":{"type":"slide_image_left","settings":{"color_bg":"#999da4","image":"shopify:\/\/shop_images\/slide2_13931160-40ec-49bc-9039-8fe555e6295c.png","title":"Street fashion<br>not only for <br>the street","color_title":"black","fs_title":6,"description":"Retro games t-shitrs!","color_description":"dark","fs_description":2,"button_text":"Shop now","button_url":"shopify:\/\/collections"}},"d86ddd81-74f8-4cda-a4ea-fc85589b1dd2":{"type":"pin_product","settings":{"pos_x":45,"pos_y":58,"product":"htc-touch-hd","label":"1"}},"df88224b-0e7c-4920-bbb8-7f8f8db849bc":{"type":"pin_product","settings":{"pos_x":50,"pos_y":21,"product":"macbook-air","label":"2"}},"989ebd30-f9ab-45ff-b39e-b4b833803f9b":{"type":"slide_image_left","settings":{"color_bg":"#999da4","image":"shopify:\/\/shop_images\/slide3_8f59ea54-6eb1-47c2-bae9-033d6bc7a84d.png","title":"The best<br> accessories<br>of 2021!","color_title":"black","fs_title":6,"description":"Retro games t-shitrs!","color_description":"dark","fs_description":2,"button_text":"Button text"}},"55961799-a12f-4c27-bd34-d337da10defb":{"type":"pin_product","settings":{"pos_x":44,"pos_y":71,"product":"hp-lp3065","label":"1"}},"a1e67fd9-a39b-4f5c-858a-75ea6f2cdfe5":{"type":"pin_product","settings":{"pos_x":46,"pos_y":17,"product":"ipod-nano","label":"2"}},"e043ede7-977b-41b2-8729-c4c254f4c14c":{"type":"pin_product","settings":{"pos_x":73,"pos_y":82,"product":"ipod-shuffle","label":"3"}}},"block_order":["1620972091f5a355dd-0","b5a84fcf-f761-4296-a0b8-88db28bbc2c3","bd484698-6dc0-4f85-8d29-fb71e858dfc0","5c17f27c-38cf-4085-bdcd-0ba91929bd4b","70ddf9ba-b90f-459b-bef5-ba94ad202bfe","d86ddd81-74f8-4cda-a4ea-fc85589b1dd2","df88224b-0e7c-4920-bbb8-7f8f8db849bc","989ebd30-f9ab-45ff-b39e-b4b833803f9b","55961799-a12f-4c27-bd34-d337da10defb","a1e67fd9-a39b-4f5c-858a-75ea6f2cdfe5","e043ede7-977b-41b2-8729-c4c254f4c14c"],"settings":{"has_container":false,"mt_lg":0,"pt_lg":0,"mb_lg":0,"pb_lg":0,"mt":0,"pt":0,"mb":0,"pb":0}},"16209726781c6a29a4":{"type":"home-banners-2cols","blocks":{"162097267705689a7d-0":{"type":"banner_1","settings":{"position":"col_1","width_destop":"12","width_tablet":"6","image":"shopify:\/\/shop_images\/banner-1_886c4841-2544-4afa-b867-c1eceddd1f34.png","title":"Men","sub_title":"","button_url":"shopify:\/\/collections\/all","content_hori_align":"x-left pl-8","content_vert_align":"y-top pt-8","fs_title":3.5,"fs_subtitle":2.5,"color_text":"black"}},"162097267705689a7d-1":{"type":"banner_1","settings":{"position":"col_1","width_destop":"12","width_tablet":"6","image":"shopify:\/\/shop_images\/banner-3_34b29ad5-5d7d-47fd-9e47-6fbb51ea04e5.png","title":"Street style<br>has its own<br>rules","sub_title":"","button_url":"shopify:\/\/collections\/all","content_hori_align":"x-left pl-8","content_vert_align":"y-top pt-8","fs_title":3.5,"fs_subtitle":2.5,"color_text":"white"}},"162097267705689a7d-2":{"type":"banner_1","settings":{"position":"col_2","width_destop":"12","width_tablet":"6","image":"shopify:\/\/shop_images\/banner-2_02d99509-dcc0-4c2c-a75c-849af9a0d55b.png","title":"Women","sub_title":"","button_url":"shopify:\/\/collections\/all","content_hori_align":"x-left pl-8","content_vert_align":"y-top pt-8","fs_title":3.5,"fs_subtitle":2.5,"color_text":"black"}},"2af3a7d4-ee36-458d-a41b-54870fb23641":{"type":"banner_1","settings":{"position":"col_2","width_destop":"12","width_tablet":"6","image":"shopify:\/\/shop_images\/banner-4_e62fe072-9d7b-4898-a96c-ebf1b6edc50a.png","title":"Accessories","sub_title":"","button_url":"shopify:\/\/collections\/all","content_hori_align":"x-left pl-8","content_vert_align":"y-top pt-8","fs_title":3.5,"fs_subtitle":2.5,"color_text":"black"}},"39660baf-9c5b-4e87-8f06-aadeed61bc8c":{"type":"banner_3","settings":{"position":"bottom","width_destop":"12","width_tablet":"12","color_bg":"#ffeeef","title":"Up to 15% discount on your first purchase!","description":"Use discount code in checkout to get the discount.","button_text":"FREE15FIRST","fs_title":3.5,"fs_description":2.5,"color_text":"primary"}}},"block_order":["162097267705689a7d-0","162097267705689a7d-1","162097267705689a7d-2","2af3a7d4-ee36-458d-a41b-54870fb23641","39660baf-9c5b-4e87-8f06-aadeed61bc8c"],"settings":{"has_container":true,"no_gutter":false,"mt_lg":12,"pt_lg":0,"mb_lg":0,"pb_lg":0,"mt":5,"pt":0,"mb":0,"pb":0}},"1620973246c74aca01":{"type":"home-products-list","settings":{"has_container":true,"title":"New Arrivals","items_limit":8,"items_per_row":4,"collection":"bestsellers","has_bottom_separate":true,"mt_lg":12,"pt_lg":0,"mb_lg":0,"pb_lg":0,"mt":5,"pt":0,"mb":0,"pb":0}},"16209739482bb37600":{"type":"home-articles-list","blocks":{"61e565c9-1b54-4cfb-9540-dc4ab5ec3bef":{"type":"article","settings":{"article_id":"news\/the-best-ways-to-change-your-summer-wardrobe-into-autumn-wardrobe","custom_image":"shopify:\/\/shop_images\/blog-1_4eed2604-998b-43ff-872d-874b4d5035b2.png"}},"fcb47af7-d70a-43bc-806d-590bf9460335":{"type":"article","settings":{"article_id":"news\/mens-fashion-in-leather","custom_image":"shopify:\/\/shop_images\/blog-2_2f8c7c27-2cf1-4972-ace0-35a88f13748b.png"}},"00f05b70-30f5-4191-90bf-6ff482960ac5":{"type":"article","settings":{"article_id":"news\/a-team-of-designers-that-make-dreams-come-true","custom_image":"shopify:\/\/shop_images\/blog-3_3cf653b8-5523-4a24-bc86-f488adf89ca2.png"}}},"block_order":["61e565c9-1b54-4cfb-9540-dc4ab5ec3bef","fcb47af7-d70a-43bc-806d-590bf9460335","00f05b70-30f5-4191-90bf-6ff482960ac5"],"settings":{"has_container":true,"has_separate":false,"title":"The real stories<br>behind our brand","items_visible":3,"item_type":"default","mt_lg":6,"pt_lg":0,"mb_lg":0,"pb_lg":0,"mt":5,"pt":0,"mb":0,"pb":0}},"16209760488d52c579":{"type":"home-video-banner","settings":{"has_container":true,"type":"default","video_url":"https:\/\/www.youtube.com\/watch?v=HidKu1w7msY","image_bg":"shopify:\/\/shop_images\/banner-5_c6d18065-9288-40ca-9bf3-817ff58a68f4.png","title":"A team of designers<br> that make dreams<br> come true","sub_title":"","description":"Unique clothes for everyone!","button_text":"Read more","button_url":"shopify:\/\/collections\/all","fs_title":5.5,"fs_description":2.2,"mt_lg":18,"pt_lg":0,"mb_lg":0,"pb_lg":0,"mt":5,"pt":0,"mb":0,"pb":0}},"16209762583086212b":{"type":"home-products-tabs","blocks":{"1620976258d71aade5-0":{"type":"collection","settings":{"title":"Bestsellers","collection":"store-7-bestsellers","visible_items":4,"limit":4}},"1620976258d71aade5-1":{"type":"collection","settings":{"title":"Featured","collection":"bestsellers","visible_items":4,"limit":4}},"1620976258d71aade5-2":{"type":"collection","settings":{"title":"Special","collection":"store-7-bestsellers","visible_items":4,"limit":4}}},"block_order":["1620976258d71aade5-0","1620976258d71aade5-1","1620976258d71aade5-2"],"settings":{"has_container":true,"mt_lg":15,"pt_lg":0,"mb_lg":0,"pb_lg":0,"mt":5,"pt":0,"mb":0,"pb":0}}},"content_for_index":["1620972091f5a355dd","16209726781c6a29a4","1620973246c74aca01","16209760488d52c579","16209762583086212b","16209739482bb37600","1619455274a70d7089"]}}