{"sections":{"1527252797572":{"type":"banner","blocks":{"1527252797572-0":{"type":"banner","settings":{"banner_width":33,"banner_mobile_width":33,"banner_bg_color":"#cba58f","banner_shadow":false,"banner_tilt":false,"banner_rounded_edge":false,"banner_image":"shopify:\/\/shop_images\/Layer_670.jpg","banner_image_quality":"1000x","banner_image_full_visible":false,"banner_image_full_visible_mobile":false,"banner_height":250,"banner_mobile_height":100,"banner_head":"","banner_cap":"Women<br>Fashion","banner_linklist":"","banner_cta":"More","banner_link":"shopify:\/\/collections\/all","banner_text_pos":"text-pos-left","banner_text_vpos":"text-vpos-middle","banner_text_align":"text-align-center","banner_side_padding_hori":21,"banner_side_padding_vert":5,"banner_head_color":"#000000","banner_head_size":25,"banner_head_weight":300,"banner_head_shadow":false,"banner_cap_color":"#000000","banner_cap_size":23,"banner_cap_weight":400,"banner_cap_shadow":false,"banner_linklist_color":"#000000","banner_linklist_color_hover":"#ffffff","banner_linklist_size":13,"banner_linklist_weight":400,"banner_linklist_width":350,"banner_linklist_col":2,"banner_cta_color":"#ffffff","banner_cta_bgcolor":"#000000","banner_cta_size":13,"banner_cta_weight":400,"banner_fx":false,"banner_fx_for":"0","banner_fx_type":"1","banner_borders":"0","banner_borders_top":false,"banner_borders_bottom":false,"banner_borders_left":false,"banner_borders_right":false,"banner_mobile_borders":"0","banner_mobile_borders_top":false,"banner_mobile_borders_bottom":false,"banner_mobile_borders_left":false,"banner_mobile_borders_right":false}},"1527252797572-1":{"type":"banner","settings":{"banner_width":34,"banner_mobile_width":34,"banner_bg_color":"#ffc107","banner_shadow":false,"banner_tilt":false,"banner_rounded_edge":false,"banner_image":"shopify:\/\/shop_images\/iStock-515436956_high.jpg","banner_image_quality":"1000x","banner_image_full_visible":false,"banner_image_full_visible_mobile":false,"banner_height":250,"banner_mobile_height":100,"banner_head":"","banner_cap":"Men<br>Fashion","banner_linklist":"","banner_cta":"More","banner_link":"shopify:\/\/collections\/all","banner_text_pos":"text-pos-left","banner_text_vpos":"text-vpos-middle","banner_text_align":"text-align-center","banner_side_padding_hori":21,"banner_side_padding_vert":5,"banner_head_color":"#000000","banner_head_size":40,"banner_head_weight":700,"banner_head_shadow":false,"banner_cap_color":"#000000","banner_cap_size":23,"banner_cap_weight":400,"banner_cap_shadow":false,"banner_linklist_color":"#000000","banner_linklist_color_hover":"#ffffff","banner_linklist_size":13,"banner_linklist_weight":400,"banner_linklist_width":350,"banner_linklist_col":2,"banner_cta_color":"#ffffff","banner_cta_bgcolor":"#000000","banner_cta_size":13,"banner_cta_weight":400,"banner_fx":false,"banner_fx_for":"0","banner_fx_type":"1","banner_borders":"0","banner_borders_top":false,"banner_borders_bottom":false,"banner_borders_left":false,"banner_borders_right":false,"banner_mobile_borders":"0","banner_mobile_borders_top":false,"banner_mobile_borders_bottom":false,"banner_mobile_borders_left":false,"banner_mobile_borders_right":false}},"1527253115000":{"type":"banner","settings":{"banner_width":33,"banner_mobile_width":33,"banner_bg_color":"#ffc107","banner_shadow":false,"banner_tilt":false,"banner_rounded_edge":false,"banner_image":"shopify:\/\/shop_images\/canon_eos_5d_2.jpg","banner_image_quality":"1000x","banner_image_full_visible":false,"banner_image_full_visible_mobile":false,"banner_height":250,"banner_mobile_height":100,"banner_head":"","banner_cap":"Accessories <br> & Shoes","banner_linklist":"","banner_cta":"More","banner_link":"shopify:\/\/collections\/all","banner_text_pos":"text-pos-left","banner_text_vpos":"text-vpos-middle","banner_text_align":"text-align-center","banner_side_padding_hori":21,"banner_side_padding_vert":5,"banner_head_color":"#000000","banner_head_size":40,"banner_head_weight":700,"banner_head_shadow":false,"banner_cap_color":"#000000","banner_cap_size":23,"banner_cap_weight":400,"banner_cap_shadow":false,"banner_linklist_color":"#000000","banner_linklist_color_hover":"#ffffff","banner_linklist_size":13,"banner_linklist_weight":400,"banner_linklist_width":350,"banner_linklist_col":2,"banner_cta_color":"#ffffff","banner_cta_bgcolor":"#000000","banner_cta_size":13,"banner_cta_weight":400,"banner_fx":false,"banner_fx_for":"0","banner_fx_type":"1","banner_borders":"0","banner_borders_top":false,"banner_borders_bottom":false,"banner_borders_left":false,"banner_borders_right":false,"banner_mobile_borders":"0","banner_mobile_borders_top":false,"banner_mobile_borders_bottom":false,"banner_mobile_borders_left":false,"banner_mobile_borders_right":false}}},"block_order":["1527252797572-0","1527252797572-1","1527253115000"],"settings":{"placement_fullwidth":true,"visible_on_mobile":true,"margin_top":0,"paddings":0,"heading":"","heading_color":"","heading_bd_color":"","heading_fontsize":25,"heading_fontweight":400,"background_use":false,"background_img":"","background_img_quality":"1000x","background_color":"#e6e6e6"}},"1527253564785":{"type":"products-tabs","blocks":{"1527253564785-0":{"type":"ptab_collection","settings":{"visible_on_mobile":true,"image":"","image_url":"","image_width":"3","image_position":"none","collection":"latest-products","ptab_heading":"Latest Products","ptab_icon":"","ptab_img_width":"500","ptab_img_height":"500","ptab_rows":"1","ptab_items_per_row":"4","ptab_carousel":true,"ptab_max":"16"}}},"block_order":["1527253564785-0"],"settings":{"visible_on_mobile":true,"placement_fullwidth":false,"tab_style":"normal","tab_border":"none","arrow_position":"beside","heading_color":"","heading_active_color":"","heading_active_border_color":"#ffffff","heading_fontsize":25,"heading_fontweight":400}},"1527309380587":{"type":"empty-space","settings":{"height":"30","bg_color":""}},"1527309267479":{"type":"banner","blocks":{"1527309330615":{"type":"promotion","settings":{"promotion_width":33,"promotion_mobile_width":33,"promotion_bg_color":"#e7ecf7","promotion_image":"","promotion_image_quality":"1920x","promotion_height":50,"promotion_mobile_height":50,"promotion_text":"Free Shipping & Return","promotion_icon":"fa-truck","promotion_link":"","promotion_color":"#333333","promotion_text_size":14,"promotion_icon_size":20,"promotion_icon_pos":"left","promotion_text_shadow":false,"promotion_icon_shadow":false,"promotion_fx":false,"promotion_fx_type":"1","promotion_borders":"0","promotion_borders_top":false,"promotion_borders_bottom":false,"promotion_borders_left":false,"promotion_borders_right":false,"promotion_mobile_borders":"0","promotion_mobile_borders_top":false,"promotion_mobile_borders_bottom":false,"promotion_mobile_borders_left":false,"promotion_mobile_borders_right":false}},"1527310289750":{"type":"promotion","settings":{"promotion_width":33,"promotion_mobile_width":33,"promotion_bg_color":"#e7ecf7","promotion_image":"","promotion_image_quality":"1920x","promotion_height":50,"promotion_mobile_height":50,"promotion_text":"100% Money Refund","promotion_icon":"fa-refresh","promotion_link":"","promotion_color":"#333333","promotion_text_size":14,"promotion_icon_size":20,"promotion_icon_pos":"left","promotion_text_shadow":false,"promotion_icon_shadow":false,"promotion_fx":false,"promotion_fx_type":"1","promotion_borders":"0","promotion_borders_top":false,"promotion_borders_bottom":false,"promotion_borders_left":false,"promotion_borders_right":false,"promotion_mobile_borders":"0","promotion_mobile_borders_top":false,"promotion_mobile_borders_bottom":false,"promotion_mobile_borders_left":false,"promotion_mobile_borders_right":false}},"1527310449777":{"type":"promotion","settings":{"promotion_width":34,"promotion_mobile_width":34,"promotion_bg_color":"#e7ecf7","promotion_image":"","promotion_image_quality":"1920x","promotion_height":50,"promotion_mobile_height":50,"promotion_text":"Fast & Reliable Support","promotion_icon":"fa-life-ring","promotion_link":"","promotion_color":"#333333","promotion_text_size":14,"promotion_icon_size":20,"promotion_icon_pos":"left","promotion_text_shadow":false,"promotion_icon_shadow":false,"promotion_fx":false,"promotion_fx_type":"1","promotion_borders":"0","promotion_borders_top":false,"promotion_borders_bottom":false,"promotion_borders_left":false,"promotion_borders_right":false,"promotion_mobile_borders":"0","promotion_mobile_borders_top":false,"promotion_mobile_borders_bottom":false,"promotion_mobile_borders_left":false,"promotion_mobile_borders_right":false}}},"block_order":["1527309330615","1527310289750","1527310449777"],"settings":{"placement_fullwidth":false,"visible_on_mobile":true,"margin_top":0,"paddings":0,"heading":"","heading_color":"","heading_bd_color":"","heading_fontsize":25,"heading_fontweight":400,"background_use":false,"background_img":"","background_img_quality":"1000x","background_color":"#e6e6e6"}},"1527311177344":{"type":"products-tabs","blocks":{"1527311177344-0":{"type":"ptab_collection","settings":{"visible_on_mobile":true,"image":"","image_url":"","image_width":"3","image_position":"none","collection":"bestsellers","ptab_heading":"","ptab_icon":"","ptab_img_width":"500","ptab_img_height":"500","ptab_rows":"1","ptab_items_per_row":"4","ptab_carousel":true,"ptab_max":"16"}}},"block_order":["1527311177344-0"],"settings":{"visible_on_mobile":true,"placement_fullwidth":false,"tab_style":"normal","tab_border":"none","arrow_position":"beside","heading_color":"","heading_active_color":"","heading_active_border_color":"","heading_fontsize":25,"heading_fontweight":400}},"1527311485425":{"type":"banner","blocks":{"1527311485425-0":{"type":"banner","settings":{"banner_width":50,"banner_mobile_width":50,"banner_bg_color":"#cba58f","banner_shadow":false,"banner_tilt":false,"banner_rounded_edge":false,"banner_image":"shopify:\/\/shop_images\/Group_1.jpg","banner_image_quality":"1000x","banner_image_full_visible":false,"banner_image_full_visible_mobile":false,"banner_height":300,"banner_mobile_height":100,"banner_head":"","banner_cap":"Always <br>trendy red","banner_linklist":"","banner_cta":"More","banner_link":"shopify:\/\/collections\/all","banner_text_pos":"text-pos-left","banner_text_vpos":"text-vpos-middle","banner_text_align":"text-align-center","banner_side_padding_hori":15,"banner_side_padding_vert":6,"banner_head_color":"#000000","banner_head_size":26,"banner_head_weight":400,"banner_head_shadow":false,"banner_cap_color":"#333333","banner_cap_size":22,"banner_cap_weight":500,"banner_cap_shadow":false,"banner_linklist_color":"#000000","banner_linklist_color_hover":"#ffffff","banner_linklist_size":13,"banner_linklist_weight":400,"banner_linklist_width":350,"banner_linklist_col":2,"banner_cta_color":"#000000","banner_cta_bgcolor":"#ffffff","banner_cta_size":11,"banner_cta_weight":600,"banner_fx":false,"banner_fx_for":"0","banner_fx_type":"1","banner_borders":"0","banner_borders_top":false,"banner_borders_bottom":false,"banner_borders_left":false,"banner_borders_right":false,"banner_mobile_borders":"0","banner_mobile_borders_top":false,"banner_mobile_borders_bottom":false,"banner_mobile_borders_left":false,"banner_mobile_borders_right":false}},"1527311485425-1":{"type":"banner","settings":{"banner_width":50,"banner_mobile_width":50,"banner_bg_color":"#ffc107","banner_shadow":false,"banner_tilt":false,"banner_rounded_edge":false,"banner_image":"shopify:\/\/shop_images\/Layer_704.jpg","banner_image_quality":"1000x","banner_image_full_visible":false,"banner_image_full_visible_mobile":false,"banner_height":250,"banner_mobile_height":100,"banner_head":"","banner_cap":"Modern<br>blue","banner_linklist":"","banner_cta":"More","banner_link":"shopify:\/\/collections\/all","banner_text_pos":"text-pos-right","banner_text_vpos":"text-vpos-middle","banner_text_align":"text-align-center","banner_side_padding_hori":20,"banner_side_padding_vert":5,"banner_head_color":"#000000","banner_head_size":40,"banner_head_weight":700,"banner_head_shadow":false,"banner_cap_color":"#000000","banner_cap_size":22,"banner_cap_weight":500,"banner_cap_shadow":false,"banner_linklist_color":"#000000","banner_linklist_color_hover":"#ffffff","banner_linklist_size":13,"banner_linklist_weight":400,"banner_linklist_width":350,"banner_linklist_col":2,"banner_cta_color":"#000000","banner_cta_bgcolor":"#ffffff","banner_cta_size":11,"banner_cta_weight":600,"banner_fx":false,"banner_fx_for":"0","banner_fx_type":"1","banner_borders":"0","banner_borders_top":false,"banner_borders_bottom":false,"banner_borders_left":false,"banner_borders_right":false,"banner_mobile_borders":"0","banner_mobile_borders_top":false,"banner_mobile_borders_bottom":false,"banner_mobile_borders_left":false,"banner_mobile_borders_right":false}},"1527312084777":{"type":"banner","settings":{"banner_width":33,"banner_mobile_width":33,"banner_bg_color":"#ffc107","banner_shadow":false,"banner_tilt":false,"banner_rounded_edge":false,"banner_image":"shopify:\/\/shop_images\/Layer_1136_copy.jpg","banner_image_quality":"1000x","banner_image_full_visible":false,"banner_image_full_visible_mobile":false,"banner_height":250,"banner_mobile_height":100,"banner_head":"","banner_cap":"Simple<br>Style","banner_linklist":"","banner_cta":"More","banner_link":"shopify:\/\/collections\/all","banner_text_pos":"text-pos-right","banner_text_vpos":"text-vpos-middle","banner_text_align":"text-align-center","banner_side_padding_hori":16,"banner_side_padding_vert":5,"banner_head_color":"#000000","banner_head_size":40,"banner_head_weight":700,"banner_head_shadow":false,"banner_cap_color":"#000000","banner_cap_size":22,"banner_cap_weight":500,"banner_cap_shadow":false,"banner_linklist_color":"#000000","banner_linklist_color_hover":"#ffffff","banner_linklist_size":13,"banner_linklist_weight":400,"banner_linklist_width":350,"banner_linklist_col":2,"banner_cta_color":"#000000","banner_cta_bgcolor":"#ffffff","banner_cta_size":11,"banner_cta_weight":600,"banner_fx":false,"banner_fx_for":"0","banner_fx_type":"1","banner_borders":"0","banner_borders_top":false,"banner_borders_bottom":false,"banner_borders_left":false,"banner_borders_right":false,"banner_mobile_borders":"0","banner_mobile_borders_top":false,"banner_mobile_borders_bottom":false,"banner_mobile_borders_left":false,"banner_mobile_borders_right":false}},"1527312447568":{"type":"banner","settings":{"banner_width":33,"banner_mobile_width":33,"banner_bg_color":"#ffc107","banner_shadow":false,"banner_tilt":false,"banner_rounded_edge":false,"banner_image":"shopify:\/\/shop_images\/Layer_1135_copy.jpg","banner_image_quality":"1000x","banner_image_full_visible":false,"banner_image_full_visible_mobile":false,"banner_height":250,"banner_mobile_height":100,"banner_head":"","banner_cap":"Modern<br>sweaters","banner_linklist":"","banner_cta":"More","banner_link":"shopify:\/\/collections\/all","banner_text_pos":"text-pos-center","banner_text_vpos":"text-vpos-middle","banner_text_align":"text-align-center","banner_side_padding_hori":5,"banner_side_padding_vert":5,"banner_head_color":"#000000","banner_head_size":40,"banner_head_weight":700,"banner_head_shadow":false,"banner_cap_color":"#ffffff","banner_cap_size":22,"banner_cap_weight":500,"banner_cap_shadow":false,"banner_linklist_color":"#000000","banner_linklist_color_hover":"#ffffff","banner_linklist_size":13,"banner_linklist_weight":400,"banner_linklist_width":350,"banner_linklist_col":2,"banner_cta_color":"#000000","banner_cta_bgcolor":"#ffffff","banner_cta_size":11,"banner_cta_weight":600,"banner_fx":false,"banner_fx_for":"0","banner_fx_type":"1","banner_borders":"0","banner_borders_top":false,"banner_borders_bottom":false,"banner_borders_left":false,"banner_borders_right":false,"banner_mobile_borders":"0","banner_mobile_borders_top":false,"banner_mobile_borders_bottom":false,"banner_mobile_borders_left":false,"banner_mobile_borders_right":false}},"1527313544542":{"type":"banner","settings":{"banner_width":34,"banner_mobile_width":34,"banner_bg_color":"#ffc107","banner_shadow":false,"banner_tilt":false,"banner_rounded_edge":false,"banner_image":"shopify:\/\/shop_images\/Layer_793.jpg","banner_image_quality":"1000x","banner_image_full_visible":false,"banner_image_full_visible_mobile":false,"banner_height":250,"banner_mobile_height":100,"banner_head":"","banner_cap":"Backpack<br>new bag!","banner_linklist":"","banner_cta":"More","banner_link":"shopify:\/\/collections\/all","banner_text_pos":"text-pos-left","banner_text_vpos":"text-vpos-middle","banner_text_align":"text-align-center","banner_side_padding_hori":14,"banner_side_padding_vert":5,"banner_head_color":"#000000","banner_head_size":40,"banner_head_weight":700,"banner_head_shadow":false,"banner_cap_color":"#000000","banner_cap_size":22,"banner_cap_weight":500,"banner_cap_shadow":false,"banner_linklist_color":"#000000","banner_linklist_color_hover":"#ffffff","banner_linklist_size":13,"banner_linklist_weight":400,"banner_linklist_width":350,"banner_linklist_col":2,"banner_cta_color":"#000000","banner_cta_bgcolor":"#ffffff","banner_cta_size":11,"banner_cta_weight":600,"banner_fx":false,"banner_fx_for":"0","banner_fx_type":"1","banner_borders":"0","banner_borders_top":false,"banner_borders_bottom":false,"banner_borders_left":false,"banner_borders_right":false,"banner_mobile_borders":"0","banner_mobile_borders_top":false,"banner_mobile_borders_bottom":false,"banner_mobile_borders_left":false,"banner_mobile_borders_right":false}}},"block_order":["1527311485425-0","1527311485425-1","1527312084777","1527312447568","1527313544542"],"settings":{"placement_fullwidth":true,"visible_on_mobile":true,"margin_top":30,"paddings":0,"heading":"","heading_color":"","heading_bd_color":"","heading_fontsize":25,"heading_fontweight":400,"background_use":false,"background_img":"","background_img_quality":"1000x","background_color":"#e6e6e6"}},"1527314758306":{"type":"custom_widget","blocks":{"1574761832751":{"type":"content_page","settings":{"page_content":"lookbook-sample"}}},"block_order":["1574761832751"],"settings":{"placement_fullwidth":true,"visible_on_mobile":true}},"1527316568708":{"type":"products-tabs","blocks":{"1527316568708-0":{"type":"ptab_collection","settings":{"visible_on_mobile":true,"image":"","image_url":"","image_width":"3","image_position":"none","collection":"featured","ptab_heading":"Product Tabs","ptab_icon":"","ptab_img_width":"500","ptab_img_height":"500","ptab_rows":"1","ptab_items_per_row":"4","ptab_carousel":true,"ptab_max":"16"}},"1527316568708-1":{"type":"ptab_collection","settings":{"visible_on_mobile":true,"image":"","image_url":"","image_width":"3","image_position":"none","collection":"bestsellers","ptab_heading":"Featured","ptab_icon":"","ptab_img_width":"500","ptab_img_height":"500","ptab_rows":"1","ptab_items_per_row":"4","ptab_carousel":true,"ptab_max":"8"}},"1527316730165":{"type":"ptab_collection","settings":{"visible_on_mobile":true,"image":"","image_url":"","image_width":"3","image_position":"none","collection":"latest-products","ptab_heading":"Newest","ptab_icon":"","ptab_img_width":"","ptab_img_height":"","ptab_rows":"1","ptab_items_per_row":"4","ptab_carousel":false,"ptab_max":"8"}}},"block_order":["1527316568708-0","1527316568708-1","1527316730165"],"settings":{"visible_on_mobile":true,"placement_fullwidth":false,"tab_style":"normal","tab_border":"none","arrow_position":"beside","heading_color":"","heading_active_color":"","heading_active_border_color":"","heading_fontsize":25,"heading_fontweight":400}},"1527317470131":{"type":"banner","blocks":{"1527317470131-0":{"type":"promotion","settings":{"promotion_width":33,"promotion_mobile_width":33,"promotion_bg_color":"#e7ecf7","promotion_image":"","promotion_image_quality":"1920x","promotion_height":50,"promotion_mobile_height":50,"promotion_text":"Free Shipping and Return","promotion_icon":"fa-truck","promotion_link":"","promotion_color":"#333333","promotion_text_size":14,"promotion_icon_size":20,"promotion_icon_pos":"left","promotion_text_shadow":false,"promotion_icon_shadow":false,"promotion_fx":false,"promotion_fx_type":"1","promotion_borders":"0","promotion_borders_top":false,"promotion_borders_bottom":false,"promotion_borders_left":false,"promotion_borders_right":false,"promotion_mobile_borders":"0","promotion_mobile_borders_top":false,"promotion_mobile_borders_bottom":false,"promotion_mobile_borders_left":false,"promotion_mobile_borders_right":false}},"1527317470131-1":{"type":"promotion","settings":{"promotion_width":33,"promotion_mobile_width":33,"promotion_bg_color":"#e7ecf7","promotion_image":"","promotion_image_quality":"1920x","promotion_height":50,"promotion_mobile_height":50,"promotion_text":"Money Back Guarantee","promotion_icon":"fa-refresh","promotion_link":"","promotion_color":"#333333","promotion_text_size":14,"promotion_icon_size":20,"promotion_icon_pos":"left","promotion_text_shadow":false,"promotion_icon_shadow":false,"promotion_fx":false,"promotion_fx_type":"1","promotion_borders":"0","promotion_borders_top":false,"promotion_borders_bottom":false,"promotion_borders_left":false,"promotion_borders_right":false,"promotion_mobile_borders":"0","promotion_mobile_borders_top":false,"promotion_mobile_borders_bottom":false,"promotion_mobile_borders_left":false,"promotion_mobile_borders_right":false}},"1527317470131-2":{"type":"promotion","settings":{"promotion_width":34,"promotion_mobile_width":34,"promotion_bg_color":"#e7ecf7","promotion_image":"","promotion_image_quality":"1920x","promotion_height":50,"promotion_mobile_height":50,"promotion_text":"Fast and Reliable Support","promotion_icon":"fa-life-ring","promotion_link":"","promotion_color":"#333333","promotion_text_size":14,"promotion_icon_size":20,"promotion_icon_pos":"left","promotion_text_shadow":false,"promotion_icon_shadow":false,"promotion_fx":false,"promotion_fx_type":"1","promotion_borders":"0","promotion_borders_top":false,"promotion_borders_bottom":false,"promotion_borders_left":false,"promotion_borders_right":false,"promotion_mobile_borders":"0","promotion_mobile_borders_top":false,"promotion_mobile_borders_bottom":false,"promotion_mobile_borders_left":false,"promotion_mobile_borders_right":false}}},"block_order":["1527317470131-0","1527317470131-1","1527317470131-2"],"settings":{"placement_fullwidth":false,"visible_on_mobile":true,"margin_top":25,"paddings":0,"heading":"","heading_color":"","heading_bd_color":"","heading_fontsize":25,"heading_fontweight":400,"background_use":false,"background_img":"","background_img_quality":"1000x","background_color":"#e6e6e6"}},"1527317795059":{"type":"collections-list","blocks":{"1527317795059-0":{"type":"collection","settings":{"id_collection_list":"bestsellers","id_heading_item":"Collection Title"}},"1527317795059-1":{"type":"collection","settings":{"id_collection_list":"featured","id_heading_item":"Collection Title"}},"1527317795059-2":{"type":"collection","settings":{"id_collection_list":"latest-products","id_heading_item":"Collection Title"}}},"block_order":["1527317795059-0","1527317795059-1","1527317795059-2"],"settings":{"tab_border":"none","arrow_position":"beside","id_magrin_top":20,"id_heading_collection":"","id_limit_collection":3,"id_limit_product":3,"image_width":"200","image_height":"200","id_autoplay_collection":false,"id_speed_collection":"5000","heading_color":"","heading_border_color":"","heading_fontsize":23,"heading_fontweight":400,"id_fw_item_collection":500,"id_cl_heading_item_collection":"#000","id_size_item":22}},"1527317872761":{"type":"latest-blog","settings":{"placement_fullwidth":true,"visible_on_mobile":true,"lblog_head":"From the blog","lblog_blog":"news","lblog_limit":"3","lblog_skin":"default2","bg_color":"#eeeeee","heading_color":"","heading_border_color":"#eeeeee","heading_fontsize":25,"heading_fontweight":500}},"1527420245567":{"type":"empty-space","settings":{"height":"40","bg_color":"#eeeeee"}},"1527420275294":{"type":"empty-space","settings":{"height":"40","bg_color":"#eeeeee"}},"1550411616089":{"type":"index-filter","blocks":{"1550411690391":{"type":"collection","settings":{"collection":"bestsellers"}},"1550411698558":{"type":"collection","settings":{"collection":"featured"}},"1550411705094":{"type":"collection","settings":{"collection":"latest-products"}},"1550411711625":{"type":"tags","settings":{"heading":"Choose Color","tags":"Beige,Black,Blue,Gray,Green,Pink,Red,Silver,Yellow"}},"1550411726633":{"type":"tags","settings":{"heading":"Choose Size","tags":"30,35,40,45,50"}}},"block_order":["1550411690391","1550411698558","1550411705094","1550411711625","1550411726633"],"settings":{"placement_fullwidth":true,"visible_on_mobile":true,"heading":"FASTOR ADVANCED FILTER WIDGET","content":"Filter products using tags","collection_filter_text":"Select...","btn":"Search","bg_color":"","bg_image":"shopify:\/\/shop_images\/joshua-earle-64814.jpg","heading_color":"#ffffff","heading_fontsize":25,"heading_fontweight":700,"content_color":"#ffffff","content_fontsize":20,"content_fontweight":400}},"1591418216759":{"type":"instagram","disabled":true,"settings":{"placement_fullwidth":false,"visible_on_mobile":true,"home_instafeed_head":"@FASTOR ON INSTAGRAM","home_instafeed_text":"Kick your resolutions into high gear with our performance wear & tag us @FASTOR on Instagram","home_instafeed_button":"Follow Us On Instagram","home_instafeed_color":"#000000","home_instafeed_bgcolor":"#ffffff","home_instafeed_limit":12,"home_instafeed_row_limit":12,"heading_color":"","heading_border_color":"","heading_fontsize":25,"heading_fontweight":400}}},"order":["1527252797572","1527253564785","1527309380587","1527309267479","1527311177344","1527311485425","1527314758306","1527316568708","1527317470131","1527317795059","1527420275294","1527317872761","1527420245567","1550411616089","1591418216759"]}