{"sections":{"gallery-template":{"type":"gallery-template","blocks":{"1541736544324":{"type":"content","settings":{"thumb_image":"shopify:\/\/shop_images\/image-1.jpg","thumb_heading":"Sumer Collection","thumb_desc":"Holiday Season Descrtiption","slide_type":"image","slide_image":"shopify:\/\/shop_images\/i-love-ugly-2016-holiday-lookbook-12.jpg","video_url":"","heading":"Sumer Collection","desc":"This holiday season with a collection worthy of any young creative’s closet. Featuring staples ranging from T-shirts to outerwear, the items showcase an assortment of new styles and silhouettes merged with classic I Love Ugly pieces. Artist collaborations can be found throughout the range, either as a feature piece or small internal elements and details, which is an iconic characteristic of the label."}},"1541736547102":{"type":"content","settings":{"thumb_image":"shopify:\/\/shop_images\/i-love-ugly-2016-holiday-lookbook-12.jpg","thumb_heading":"New Shoes","thumb_desc":"Shoes Collection Description","slide_type":"image","slide_image":"shopify:\/\/shop_images\/i-love-ugly-2016-holiday-lookbook-12.jpg","video_url":"","heading":"New Shoes","desc":"This holiday season with a collection worthy of any young creative’s closet. Featuring staples ranging from T-shirts to outerwear, the items showcase an assortment of new styles and silhouettes merged with classic I Love Ugly pieces. Artist collaborations can be found throughout the range, either as a feature piece or small internal elements and details, which is an iconic characteristic of the label."}},"1541736549568":{"type":"content","settings":{"thumb_image":"shopify:\/\/shop_images\/image-3.jpg","thumb_heading":"Hair Collection","thumb_desc":"Short Description Content","slide_type":"video","slide_image":"","video_url":"https:\/\/www.youtube.com\/watch?v=yqrD6CQD5BY","heading":"Hair Collection","desc":"This holiday season with a collection worthy of any young creative’s closet. Featuring staples ranging from T-shirts to outerwear, the items showcase an assortment of new styles and silhouettes merged with classic I Love Ugly pieces. Artist collaborations can be found throughout the range, either as a feature piece or small internal elements and details, which is an iconic characteristic of the label."}},"1541736551539":{"type":"content","settings":{"thumb_image":"shopify:\/\/shop_images\/image-4.jpg","thumb_heading":"Fashion Coats","thumb_desc":"Fashion Coats Description","slide_type":"image","slide_image":"shopify:\/\/shop_images\/image-4.jpg","video_url":"","heading":"Fashion Coats","desc":"This holiday season with a collection worthy of any young creative’s closet. Featuring staples ranging from T-shirts to outerwear, the items showcase an assortment of new styles and silhouettes merged with classic I Love Ugly pieces. Artist collaborations can be found throughout the range, either as a feature piece or small internal elements and details, which is an iconic characteristic of the label."}},"1541736553976":{"type":"content","settings":{"thumb_image":"shopify:\/\/shop_images\/image-5.jpg","thumb_heading":"New Update","thumb_desc":"Fashionable","slide_type":"image","slide_image":"shopify:\/\/shop_images\/image-5.jpg","video_url":"","heading":"Fashionable","desc":"This holiday season with a collection worthy of any young creative’s closet. Featuring staples ranging from T-shirts to outerwear, the items showcase an assortment of new styles and silhouettes merged with classic I Love Ugly pieces. Artist collaborations can be found throughout the range, either as a feature piece or small internal elements and details, which is an iconic characteristic of the label."}},"1541736555880":{"type":"content","settings":{"thumb_image":"shopify:\/\/shop_images\/image-6.jpg","thumb_heading":"Men in Black","thumb_desc":"Short Description","slide_type":"image","slide_image":"shopify:\/\/shop_images\/image-6.jpg","video_url":"","heading":"","desc":""}},"1541736559054":{"type":"content","settings":{"thumb_image":"shopify:\/\/shop_images\/image-8.jpg","thumb_heading":"New Hat","thumb_desc":"Short Description","slide_type":"image","slide_image":"shopify:\/\/shop_images\/image-8.jpg","video_url":"","heading":"New Hat Collection","desc":"This holiday season with a collection worthy of any young creative’s closet. Featuring staples ranging from T-shirts to outerwear, the items showcase an assortment of new styles and silhouettes merged with classic I Love Ugly pieces. Artist collaborations can be found throughout the range, either as a feature piece or small internal elements and details, which is an iconic characteristic of the label."}},"1541736561516":{"type":"content","settings":{"thumb_image":"shopify:\/\/shop_images\/image-9.jpg","thumb_heading":"Fall Winter 2018","thumb_desc":"Video Description","slide_type":"video","slide_image":"shopify:\/\/shop_images\/image-10.jpg","video_url":"https:\/\/youtu.be\/WypRnmXOGWY","heading":"Fall Winter","desc":"All the looks from the Fall-Winter 2018\/19 show, presented by Karl Lagerfeld at the Grand Palais in Paris on March 6th, 2018."}}},"block_order":["1541736544324","1541736547102","1541736549568","1541736551539","1541736553976","1541736555880","1541736559054","1541736561516"],"settings":{"thumb_bg_color":"","thumb_heading_color":"","thumb_heading_fontsize":20,"thumb_heading_fontweight":500,"thumb_desc_color":"","thumb_desc_fontsize":13,"thumb_desc_fontweight":400,"heading_color":"","heading_fontsize":50,"heading_fontweight":500,"desc_color":"","desc_fontsize":13,"desc_fontweight":400}}},"order":["gallery-template"]}