{"sections":{"faq-section":{"type":"faq-section","blocks":{"1528134757034":{"type":"faq","settings":{"question":"How do I pay?","answer":"Lorem ipsum dolor sit amet, consectetur adipiscing elit. Vestibulum consectetur enim ac rhoncus tempor. Suspendisse porta lorem vitae porttitor porta. Mauris massa tellus, finibus volutpat eros in, ultrices porttitor augue. Fusce aliquam tincidunt rhoncus. Cras non ultricies risus. Vivamus fermentum vulputate eros, eget efficitur tellus vehicula et. Integer at vehicula nisl, nec sodales neque. Nunc tincidunt posuere dui, et consectetur felis consequat elementum. Duis sodales urna non erat gravida, non pharetra dolor iaculis. Morbi imperdiet facilisis elementum. Nunc sagittis enim sapien, sit amet posuere magna facilisis vel. Interdum et malesuada fames ac ante ipsum primis in faucibus."}},"1528134787780":{"type":"faq","settings":{"question":"How long does delivery take?","answer":"Lorem ipsum dolor sit amet, consectetur adipiscing elit. Vestibulum consectetur enim ac rhoncus tempor. Suspendisse porta lorem vitae porttitor porta. Mauris massa tellus, finibus volutpat eros in, ultrices porttitor augue. Fusce aliquam tincidunt rhoncus. Cras non ultricies risus. Vivamus fermentum vulputate eros, eget efficitur tellus vehicula et. Integer at vehicula nisl, nec sodales neque. Nunc tincidunt posuere dui, et consectetur felis consequat elementum. Duis sodales urna non erat gravida, non pharetra dolor iaculis. Morbi imperdiet facilisis elementum. Nunc sagittis enim sapien, sit amet posuere magna facilisis vel. Interdum et malesuada fames ac ante ipsum primis in faucibus."}},"1528134808213":{"type":"faq","settings":{"question":"When will I receive my refund?","answer":"Lorem ipsum dolor sit amet, consectetur adipiscing elit. Vestibulum consectetur enim ac rhoncus tempor. Suspendisse porta lorem vitae porttitor porta. Mauris massa tellus, finibus volutpat eros in, ultrices porttitor augue. Fusce aliquam tincidunt rhoncus. Cras non ultricies risus. Vivamus fermentum vulputate eros, eget efficitur tellus vehicula et. Integer at vehicula nisl, nec sodales neque. Nunc tincidunt posuere dui, et consectetur felis consequat elementum. Duis sodales urna non erat gravida, non pharetra dolor iaculis. Morbi imperdiet facilisis elementum. Nunc sagittis enim sapien, sit amet posuere magna facilisis vel. Interdum et malesuada fames ac ante ipsum primis in faucibus."}},"1528134844127":{"type":"faq","settings":{"question":"How much is the shipping?","answer":"Lorem ipsum dolor sit amet, consectetur adipiscing elit. Vestibulum consectetur enim ac rhoncus tempor. Suspendisse porta lorem vitae porttitor porta. Mauris massa tellus, finibus volutpat eros in, ultrices porttitor augue. Fusce aliquam tincidunt rhoncus. Cras non ultricies risus. Vivamus fermentum vulputate eros, eget efficitur tellus vehicula et. Integer at vehicula nisl, nec sodales neque. Nunc tincidunt posuere dui, et consectetur felis consequat elementum. Duis sodales urna non erat gravida, non pharetra dolor iaculis. Morbi imperdiet facilisis elementum. Nunc sagittis enim sapien, sit amet posuere magna facilisis vel. Interdum et malesuada fames ac ante ipsum primis in faucibus."}}},"block_order":["1528134757034","1528134787780","1528134808213","1528134844127"],"settings":{}}},"order":["faq-section"]}