{"sections":{"about-section":{"type":"about-section","blocks":{"1541731331350":{"type":"introduction","settings":{"image":"shopify:\/\/shop_images\/apple_cinema_30.jpg","image_position":"left","heading":"About us","subheading":"","content":"<p>A great About Us page helps builds trust between you and your customers. The more content you provide about you and your business, the more confident people will be when purchasing from your store.<\/p>\n<p>Your About Us page might include:<\/p>\n<ul>\n<li>Who you are<\/li>\n<li>Why you sell the items you sell<\/li>\n<li>Where you are located<\/li>\n<li>How long you have been in business<\/li>\n<li>How long you have been running your online shop<\/li>\n<li>Who are the people on your team<\/li>\n<li>Contact information<\/li>\n<li>Social links (Twitter, Facebook)<\/li>\n<\/ul>\n<p>To edit the content on this page, go to the<span> <\/span><a href=\"https:\/\/rt-fastor.myshopify.com\/admin\/pages\">Pages<\/a><span> <\/span>section of your Shopify admin.<\/p>","about_heading":"","about_content":"","contact_heading":"","contact_content":""}},"1541731510284":{"type":"team","settings":{"heading":"MEET OUR TEAM","subheading":"THE RIGHT PEOPLE FOR YOUR PROJECT"}},"1541731515269":{"type":"member","settings":{"image":"shopify:\/\/shop_images\/member-1.png","heading":"James N.","subheading":"Devloper","url":"shopify:\/\/collections"}},"1541732098979":{"type":"member","settings":{"image":"shopify:\/\/shop_images\/member-2.png","heading":"Sean D.","subheading":"Manager","url":"shopify:\/\/products\/apple-cinema-30"}},"1541732148712":{"type":"member","settings":{"image":"shopify:\/\/shop_images\/member-3.png","heading":"Candy T.","subheading":"Supporter","url":"shopify:\/\/collections\/featured"}}},"block_order":["1541731331350","1541731510284","1541731515269","1541732098979","1541732148712"],"settings":{}}},"order":["about-section"]}