{"sections":{"collection-brands":{"type":"collection-brands","settings":{"image":"shopify:\/\/shop_images\/parent_collection.png","bg_color":"","linklist":"parent-collection","banner_height":300,"banner_mobile_height":300,"content_width":650,"banner_borders":"0","banner_borders_top":false,"banner_borders_bottom":false,"banner_borders_left":false,"banner_borders_right":false,"banner_mobile_borders":"0","banner_mobile_borders_top":false,"banner_mobile_borders_bottom":false,"banner_mobile_borders_left":false,"banner_mobile_borders_right":false,"banner_text_pos":"text-pos-right","banner_text_vpos":"text-vpos-middle","banner_text_align":"text-align-left","heading_color":"","heading_fontsize":25,"heading_fontweight":400,"content_color":"","content_fontsize":16,"content_fontweight":300}},"products-tabs":{"type":"products-tabs","blocks":{"1541735190638":{"type":"ptab_collection","settings":{"visible_on_mobile":true,"image":"","image_url":"","image_width":"3","image_position":"none","collection":"bestsellers","ptab_heading":"Best Sellers","ptab_icon":"","ptab_img_width":"500","ptab_img_height":"500","ptab_rows":"1","ptab_items_per_row":"6","ptab_carousel":true,"ptab_max":"8"}},"1541735682164":{"type":"ptab_collection","settings":{"visible_on_mobile":true,"image":"","image_url":"","image_width":"3","image_position":"none","collection":"latest-products","ptab_heading":"Latest Products","ptab_icon":"","ptab_img_width":"","ptab_img_height":"","ptab_rows":"1","ptab_items_per_row":"4","ptab_carousel":true,"ptab_max":"8"}},"1541735702730":{"type":"ptab_collection","settings":{"visible_on_mobile":true,"image":"","image_url":"","image_width":"3","image_position":"none","collection":"featured","ptab_heading":"Most Viewed","ptab_icon":"","ptab_img_width":"","ptab_img_height":"","ptab_rows":"1","ptab_items_per_row":"4","ptab_carousel":true,"ptab_max":"8"}}},"block_order":["1541735190638","1541735682164","1541735702730"],"settings":{"visible_on_mobile":true,"placement_fullwidth":true,"tab_style":"normal","tab_border":"default","arrow_position":"beside","heading_color":"","heading_active_color":"","heading_active_border_color":"","heading_fontsize":25,"heading_fontweight":400}}},"order":["collection-brands","products-tabs"]}