{"sections":{"page_faq":{"type":"page-template-faq","blocks":{"bd2c0533-40cc-4b0f-a9fc-3255a36f12f1":{"type":"faq","settings":{"question":"First Question?","answer":"De moveat laudatur vestra parum doloribus labitur sentire partes, eripuit praesenti congressus ostendit alienae, voluptati ornateque accusamus clamat reperietur convicia albucius, veniat quocirca vivendi aristotele errorem epicurus. Suppetet. Aeternum animadversionis."}},"89cbc9a4-5c3e-4cf6-9e04-042823dda6ac":{"type":"faq","settings":{"question":"Second Question?","answer":"De moveat laudatur vestra parum doloribus labitur sentire partes, eripuit praesenti congressus ostendit alienae, voluptati ornateque accusamus clamat reperietur convicia albucius, veniat quocirca vivendi aristotele errorem epicurus. Suppetet. Aeternum animadversionis."}},"1e84922c-a921-429c-9ab4-5c04422edd2b":{"type":"faq","settings":{"question":"Third Question?","answer":"De moveat laudatur vestra parum doloribus labitur sentire partes, eripuit praesenti congressus ostendit alienae, voluptati ornateque accusamus clamat reperietur convicia albucius, veniat quocirca vivendi aristotele errorem epicurus. Suppetet. Aeternum animadversionis."}}},"block_order":["bd2c0533-40cc-4b0f-a9fc-3255a36f12f1","89cbc9a4-5c3e-4cf6-9e04-042823dda6ac","1e84922c-a921-429c-9ab4-5c04422edd2b"],"settings":{}}},"order":["page_faq"]}