{"sections":{"blog-template":{"type":"blog-template","blocks":{"1603556973595":{"type":"menu","settings":{"heading":"Categories","linklist":"blog-categories"}},"1603557087846":{"type":"tags","settings":{"heading":"Popular Tags"}},"1603557097159":{"type":"posts","settings":{"heading":"Latest Post","blog":"news","limit":3}},"1603557105318":{"type":"products","settings":{"heading":"Featured Products","collection":"bestsellers","limit":3}}},"block_order":["1603556973595","1603557087846","1603557097159","1603557105318"],"settings":{"show_sidebar":"right","show_author":true,"show_date":true,"show_comment":true}}},"order":["blog-template"]}