{"sections":{"1601007560458":{"type":"creative-builder","blocks":{"1603375837558":{"type":"group-start","settings":{"width":100,"width_mobile":100,"hori_scroll_mobile":true,"is_slider":false,"slider_items":1,"slider_items_mobile":2,"slider_autoplay":false,"slider_interval":2000,"slider_arrow_pos":"cent-side"}},"1601007578406":{"type":"banner","settings":{"width":70,"width_mobile":90,"height":570,"mobile_height":300,"has_padding":true,"bg_image":"shopify:\/\/shop_images\/Rectangle_1108-3_36362575-e220-45ca-9a51-c71cf6d6efd8.png","color_bg":"#cccccc","heading":"UNLIMITED<br>OPTIONS FOR<br>YOUR STORE","heading_color":"#ffffff","heading_size":60,"heading_weight":400,"heading_shadow":false,"heading_bgcolor_use":false,"heading_bgcolor":"#fff","cap":"START NOW","cap_color":"#000000","cap_size":40,"cap_weight":300,"cap_shadow":false,"cap_bgcolor_use":true,"cap_bgcolor":"#fff","cta_text":"SHOP NOW","linked_url":"shopify:\/\/collections\/all","modern":true,"cta_color":"#ffffff","cta_bgcolor":"#ffffff","cta_size":18,"cta_weight":400,"linklist":"","linklist_color":"#000000","linklist_size":13,"linklist_weight":400,"linklist_col":2,"linklist_type":"left","text_align":"text-align-left","side_padding_hori":30,"side_padding_vert":50,"border_top":false,"border_bottom":false,"border_left":false,"border_right":false,"mobile_border_top":false,"mobile_border_bottom":false,"mobile_border_left":false,"mobile_border_right":false,"title":"Banner","content_align_hori":false}},"1601007588841":{"type":"banner","settings":{"width":30,"width_mobile":40,"height":570,"mobile_height":300,"has_padding":true,"bg_image":"shopify:\/\/shop_images\/Rectangle_1108-2_6f432484-34cf-478c-9132-af907b69593c.png","color_bg":"#cccccc","heading":"MENS<br>JACKET","heading_color":"#ffffff","heading_size":61,"heading_weight":400,"heading_shadow":false,"heading_bgcolor_use":false,"heading_bgcolor":"#fff","cap":"$550","cap_color":"#000000","cap_size":40,"cap_weight":300,"cap_shadow":false,"cap_bgcolor_use":true,"cap_bgcolor":"#fff","cta_text":"SHOP NOW","linked_url":"shopify:\/\/collections\/all","modern":true,"cta_color":"#ffffff","cta_bgcolor":"#ffffff","cta_size":18,"cta_weight":400,"linklist":"","linklist_color":"#000000","linklist_size":13,"linklist_weight":400,"linklist_col":2,"linklist_type":"left","text_align":"text-align-left","side_padding_hori":40,"side_padding_vert":67,"border_top":false,"border_bottom":false,"border_left":false,"border_right":false,"mobile_border_top":false,"mobile_border_bottom":false,"mobile_border_left":false,"mobile_border_right":false,"title":"Banner","content_align_hori":false}},"1603375842037":{"type":"group-end","settings":{}},"1603331823223":{"type":"banner","settings":{"width":100,"width_mobile":100,"height":230,"mobile_height":120,"has_padding":true,"bg_image":"shopify:\/\/shop_images\/Rectangle_1108_2679b9b4-b38e-487c-894a-031b1ed5fb02.png","color_bg":"#cccccc","heading":"HUGE SALE","heading_color":"#ffffff","heading_size":60,"heading_weight":400,"heading_shadow":false,"heading_bgcolor_use":false,"heading_bgcolor":"#fff","cap":"UP TO -50%","cap_color":"#000000","cap_size":40,"cap_weight":300,"cap_shadow":false,"cap_bgcolor_use":true,"cap_bgcolor":"#ffffff","cta_text":"","linked_url":"shopify:\/\/collections\/all","modern":false,"cta_color":"#ffffff","cta_bgcolor":"#000000","cta_size":13,"cta_weight":400,"linklist":"","linklist_color":"#000000","linklist_size":13,"linklist_weight":400,"linklist_col":2,"linklist_type":"left","text_align":"text-align-left","side_padding_hori":63,"side_padding_vert":50,"border_top":false,"border_bottom":false,"border_left":false,"border_right":false,"mobile_border_top":false,"mobile_border_bottom":false,"mobile_border_left":false,"mobile_border_right":false,"title":"Banner","content_align_hori":true}},"1603379292955":{"type":"spacing","settings":{"width":100,"width_mobile":0,"height":70,"mobile_height":30,"color_bg":"rgba(0,0,0,0)","line_thick":0,"line_width":100,"color_line":"#e6e7e8","line_align":"center"}}},"block_order":["1603375837558","1601007578406","1601007588841","1603375842037","1603331823223","1603379292955"],"settings":{"title":"Banners","heading_hide":true,"heading_underline":false,"underline_color":"#3a3a3a","heading_center":true,"has_container":true,"has_padding":false,"color_bg":"rgba(0,0,0,0)","pattern":0,"center_content":false,"has_padding_smallscreen":false,"hori_scroll_mobile":false}},"1601371831722":{"type":"creative-builder","blocks":{"1601371838874":{"type":"collection","settings":{"width":100,"width_mobile":100,"has_padding":false,"collection_id":"bestsellers","limit":4,"hori_scroll_mobile":true,"is_slider":false,"slider_items":4,"slider_items_mobile":2,"slider_arrow_pos":"cent-side","title":"PRODUCTS TAB"}},"1603049257144":{"type":"spacing","settings":{"width":100,"width_mobile":0,"height":70,"mobile_height":20,"color_bg":"rgba(0,0,0,0)","line_thick":0,"line_width":100,"color_line":"#e6e7e8","line_align":"center"}}},"block_order":["1601371838874","1603049257144"],"settings":{"title":"LATEST PRODUCTS","heading_hide":false,"heading_underline":false,"underline_color":"#3a3a3a","heading_center":true,"has_container":true,"has_padding":false,"color_bg":"rgba(0,0,0,0)","pattern":13,"center_content":false,"has_padding_smallscreen":true,"hori_scroll_mobile":false}},"1602841692046":{"type":"creative-builder","blocks":{"1602841702768":{"type":"banner","settings":{"width":100,"width_mobile":100,"height":130,"mobile_height":100,"has_padding":false,"bg_image":"shopify:\/\/shop_images\/Rectangle_1108_45a4ce9a-413a-459e-9b30-89849878a8cb.png","color_bg":"#cccccc","heading":"NEW GLAMOUR NEW YOU!","heading_color":"#ffffff","heading_size":40,"heading_weight":400,"heading_shadow":false,"heading_bgcolor_use":false,"heading_bgcolor":"#fff","cap":"","cap_color":"#ffffff","cap_size":14,"cap_weight":400,"cap_shadow":false,"cap_bgcolor_use":false,"cap_bgcolor":"#fff","cta_text":"SHOP NOW","linked_url":"shopify:\/\/collections\/all","modern":false,"cta_color":"#000000","cta_bgcolor":"#ffffff","cta_size":18,"cta_weight":400,"linklist":"","linklist_color":"#000000","linklist_size":13,"linklist_weight":400,"linklist_col":2,"linklist_type":"left","text_align":"text-align-center","side_padding_hori":60,"side_padding_vert":50,"border_top":false,"border_bottom":false,"border_left":false,"border_right":false,"mobile_border_top":false,"mobile_border_bottom":false,"mobile_border_left":false,"mobile_border_right":false,"title":"Banner","content_align_hori":true}},"1603049227136":{"type":"spacing","settings":{"width":100,"width_mobile":0,"height":70,"mobile_height":20,"color_bg":"rgba(0,0,0,0)","line_thick":0,"line_width":100,"color_line":"#e6e7e8","line_align":"center"}}},"block_order":["1602841702768","1603049227136"],"settings":{"title":"NEW GLAMOUR NEW YOU","heading_hide":true,"heading_underline":false,"underline_color":"#3a3a3a","heading_center":true,"has_container":true,"has_padding":false,"color_bg":"rgba(0,0,0,0)","pattern":0,"center_content":false,"has_padding_smallscreen":false,"hori_scroll_mobile":false}},"1603051453945":{"type":"creative-builder","blocks":{"1603051469934":{"type":"article","settings":{"width":33,"width_mobile":75,"has_padding":true,"article_id":"news\/new-super-collection-2021-lookbook","ratio":"4\/3","color_bg":"rgba(0,0,0,0)","color_title":"#000","color_commentcount":"#808080","fontsize_title":20,"fontsize_info":13}},"1603051522164":{"type":"article","settings":{"width":33,"width_mobile":75,"has_padding":true,"article_id":"news\/the-great-fairy-in-the-universe","ratio":"4\/3","color_bg":"rgba(0,0,0,0)","color_title":"#000","color_commentcount":"#808080","fontsize_title":20,"fontsize_info":13}},"1603051564477":{"type":"article","settings":{"width":33,"width_mobile":75,"has_padding":true,"article_id":"news\/new-super-collection-2020-lookbook","ratio":"4\/3","color_bg":"rgba(0,0,0,0)","color_title":"#000","color_commentcount":"#808080","fontsize_title":20,"fontsize_info":13}},"1603051692493":{"type":"text","settings":{"width":100,"width_mobile":0,"has_padding":true,"text":"<a class=\"btn-modern\" href=\"https:\/\/rt-fastor-default.myshopify.com\/blogs\/news\">SHOW ALL<\/a>","color_text":"#000000","text_align":"justify-content-center"}},"1603131569287":{"type":"spacing","settings":{"width":100,"width_mobile":0,"height":50,"mobile_height":30,"color_bg":"rgba(0,0,0,0)","line_thick":0,"line_width":100,"color_line":"#e6e7e8","line_align":"center"}}},"block_order":["1603051469934","1603051522164","1603051564477","1603051692493","1603131569287"],"settings":{"title":"FROM THE BLOG","heading_hide":false,"heading_underline":false,"underline_color":"#3a3a3a","heading_center":true,"has_container":true,"has_padding":false,"color_bg":"rgba(0,0,0,0)","pattern":13,"center_content":true,"has_padding_smallscreen":true,"hori_scroll_mobile":true}},"1603053446548":{"type":"creative-builder","blocks":{"1603379359251":{"type":"spacing","settings":{"width":7,"width_mobile":0,"height":100,"mobile_height":120,"color_bg":"rgba(0,0,0,0)","line_thick":1,"line_width":100,"color_line":"#e6e7e8","line_align":"center"}},"1603053456629":{"type":"promotion","settings":{"width":17,"width_mobile":50,"height":100,"mobile_height":120,"has_padding":true,"linked_url":"shopify:\/\/collections\/all","title":"FREE SHIPPING <br>&  RETURN","icon":"speed-truck","icon_pos":"column","hori_alignment":"center","vert_alignment":"center","side_padding_hori":0,"side_padding_vert":0,"icon_size":27,"font_size":18,"font_weight":400,"color_text":"#000000","color_bg":"#ffffff","border_top":false,"border_bottom":false,"border_left":false,"border_right":false,"mobile_border_top":false,"mobile_border_bottom":false,"mobile_border_left":false,"mobile_border_right":false}},"1603079967821":{"type":"spacing","settings":{"width":17,"width_mobile":15,"height":100,"mobile_height":120,"color_bg":"rgba(0,0,0,0)","line_thick":1,"line_width":100,"color_line":"#e6e7e8","line_align":"center"}},"1603054028838":{"type":"promotion","settings":{"width":17,"width_mobile":50,"height":40,"mobile_height":120,"has_padding":false,"linked_url":"shopify:\/\/collections\/all","title":"MONEY BACK<br>GUARANTEE","icon":"speed-truck","icon_pos":"column","hori_alignment":"center","vert_alignment":"center","side_padding_hori":0,"side_padding_vert":0,"icon_size":27,"font_size":18,"font_weight":400,"color_text":"#000000","color_bg":"#ffffff","border_top":false,"border_bottom":false,"border_left":false,"border_right":false,"mobile_border_top":false,"mobile_border_bottom":false,"mobile_border_left":false,"mobile_border_right":false}},"1603431279921":{"type":"spacing","settings":{"width":17,"width_mobile":15,"height":100,"mobile_height":120,"color_bg":"rgba(0,0,0,0)","line_thick":1,"line_width":100,"color_line":"#e6e7e8","line_align":"center"}},"1603079791331":{"type":"promotion","settings":{"width":17,"width_mobile":50,"height":40,"mobile_height":120,"has_padding":false,"linked_url":"shopify:\/\/collections\/all","title":"FAST AND RELIABLE<br>SUPPORT","icon":"speed-truck","icon_pos":"column","hori_alignment":"center","vert_alignment":"center","side_padding_hori":0,"side_padding_vert":0,"icon_size":27,"font_size":18,"font_weight":400,"color_text":"#000000","color_bg":"#ffffff","border_top":false,"border_bottom":false,"border_left":false,"border_right":false,"mobile_border_top":false,"mobile_border_bottom":false,"mobile_border_left":false,"mobile_border_right":false}},"1603431353090":{"type":"spacing","settings":{"width":7,"width_mobile":0,"height":105,"mobile_height":120,"color_bg":"rgba(0,0,0,0)","line_thick":1,"line_width":100,"color_line":"#e6e7e8","line_align":"center"}},"1603432317896":{"type":"spacing","settings":{"width":100,"width_mobile":0,"height":30,"mobile_height":30,"color_bg":"rgba(0,0,0,0)","line_thick":0,"line_width":100,"color_line":"#e6e7e8","line_align":"center"}},"1603432342744":{"type":"spacing","settings":{"width":100,"width_mobile":0,"height":30,"mobile_height":30,"color_bg":"rgba(0,0,0,0)","line_thick":0,"line_width":100,"color_line":"#e6e7e8","line_align":"center"}}},"block_order":["1603432317896","1603379359251","1603053456629","1603079967821","1603054028838","1603431279921","1603079791331","1603431353090","1603432342744"],"settings":{"title":"Promotions","heading_hide":true,"heading_underline":false,"underline_color":"#3a3a3a","heading_center":true,"has_container":true,"has_padding":true,"color_bg":"rgba(0,0,0,0)","pattern":0,"center_content":false,"has_padding_smallscreen":false,"hori_scroll_mobile":true}},"1603131622992":{"type":"creative-builder","blocks":{"1603132234597":{"type":"spacing","settings":{"width":100,"width_mobile":0,"height":50,"mobile_height":30,"color_bg":"rgba(0,0,0,0)","line_thick":0,"line_width":100,"color_line":"#e6e7e8","line_align":"center"}},"1603131941413":{"type":"image","settings":{"width":14,"width_mobile":65,"has_padding":false,"image":"shopify:\/\/shop_images\/shop-by-brand-2_01.png","linked_url":"shopify:\/\/collections\/all","fadeoff":false,"image_pos":"column","text":"","text_align":"text-center","text_color":"#000000","text_size":18,"text_weight":400,"border_top":false,"border_bottom":false,"border_left":false,"border_right":false,"mobile_border_top":false,"mobile_border_bottom":false,"mobile_border_left":false,"mobile_border_right":false}},"1603132022142":{"type":"image","settings":{"width":15,"width_mobile":65,"has_padding":false,"image":"shopify:\/\/shop_images\/shop-by-brand-2_02.png","linked_url":"shopify:\/\/collections\/all","fadeoff":false,"image_pos":"column","text":"","text_align":"text-center","text_color":"#000000","text_size":18,"text_weight":400,"border_top":false,"border_bottom":false,"border_left":false,"border_right":false,"mobile_border_top":false,"mobile_border_bottom":false,"mobile_border_left":false,"mobile_border_right":false}},"1603132068025":{"type":"image","settings":{"width":14,"width_mobile":65,"has_padding":false,"image":"shopify:\/\/shop_images\/shop-by-brand-2_03.png","linked_url":"shopify:\/\/collections\/all","fadeoff":false,"image_pos":"column","text":"","text_align":"text-center","text_color":"#000000","text_size":18,"text_weight":400,"border_top":false,"border_bottom":false,"border_left":false,"border_right":false,"mobile_border_top":false,"mobile_border_bottom":false,"mobile_border_left":false,"mobile_border_right":false}},"1603132107567":{"type":"image","settings":{"width":14,"width_mobile":65,"has_padding":false,"image":"shopify:\/\/shop_images\/shop-by-brand-2_04.png","linked_url":"shopify:\/\/collections\/all","fadeoff":false,"image_pos":"column","text":"","text_align":"text-center","text_color":"#000000","text_size":18,"text_weight":400,"border_top":false,"border_bottom":false,"border_left":false,"border_right":false,"mobile_border_top":false,"mobile_border_bottom":false,"mobile_border_left":false,"mobile_border_right":false}},"1603132137317":{"type":"image","settings":{"width":14,"width_mobile":65,"has_padding":false,"image":"shopify:\/\/shop_images\/shop-by-brand-2_05.png","linked_url":"shopify:\/\/collections\/all","fadeoff":false,"image_pos":"column","text":"","text_align":"text-center","text_color":"#000000","text_size":18,"text_weight":400,"border_top":false,"border_bottom":false,"border_left":false,"border_right":false,"mobile_border_top":false,"mobile_border_bottom":false,"mobile_border_left":false,"mobile_border_right":false}},"1603380115024":{"type":"image","settings":{"width":15,"width_mobile":65,"has_padding":false,"image":"shopify:\/\/shop_images\/shop-by-brand-2_06.png","linked_url":"shopify:\/\/collections\/all","fadeoff":false,"image_pos":"column","text":"","text_align":"text-center","text_color":"#000000","text_size":18,"text_weight":400,"border_top":false,"border_bottom":false,"border_left":false,"border_right":false,"mobile_border_top":false,"mobile_border_bottom":false,"mobile_border_left":false,"mobile_border_right":false}},"1603380133836":{"type":"image","settings":{"width":14,"width_mobile":65,"has_padding":false,"image":"shopify:\/\/shop_images\/shop-by-brand-2_07.png","linked_url":"shopify:\/\/collections\/all","fadeoff":false,"image_pos":"column","text":"","text_align":"text-center","text_color":"#000000","text_size":18,"text_weight":400,"border_top":false,"border_bottom":false,"border_left":false,"border_right":false,"mobile_border_top":false,"mobile_border_bottom":false,"mobile_border_left":false,"mobile_border_right":false}}},"block_order":["1603132234597","1603131941413","1603132022142","1603132068025","1603132107567","1603132137317","1603380115024","1603380133836"],"settings":{"title":"SHOP BY BRAND","heading_hide":true,"heading_underline":false,"underline_color":"#3a3a3a","heading_center":true,"has_container":true,"has_padding":false,"color_bg":"rgba(0,0,0,0)","pattern":0,"center_content":false,"has_padding_smallscreen":false,"hori_scroll_mobile":true}},"1603333080297":{"type":"creative-builder","blocks":{"1603333110116":{"type":"collection","settings":{"width":100,"width_mobile":100,"has_padding":false,"collection_id":"latest-products","limit":4,"hori_scroll_mobile":true,"is_slider":false,"slider_items":4,"slider_items_mobile":2,"slider_arrow_pos":"cent-side","title":"Collection"}},"1603333229541":{"type":"spacing","settings":{"width":100,"width_mobile":0,"height":30,"mobile_height":30,"color_bg":"rgba(0,0,0,0)","line_thick":0,"line_width":100,"color_line":"#e6e7e8","line_align":"center"}}},"block_order":["1603333110116","1603333229541"],"settings":{"title":"WOMEN","heading_hide":false,"heading_underline":false,"underline_color":"#3a3a3a","heading_center":true,"has_container":true,"has_padding":false,"color_bg":"rgba(0,0,0,0)","pattern":0,"center_content":false,"has_padding_smallscreen":false,"hori_scroll_mobile":false}},"1603333180456":{"type":"creative-builder","blocks":{"1603333192851":{"type":"spacing","settings":{"width":100,"width_mobile":0,"height":30,"mobile_height":30,"color_bg":"rgba(0,0,0,0)","line_thick":0,"line_width":100,"color_line":"#e6e7e8","line_align":"center"}}},"block_order":["1603333192851"],"settings":{"title":"Spacing","heading_hide":true,"heading_underline":false,"underline_color":"#3a3a3a","heading_center":true,"has_container":true,"has_padding":false,"color_bg":"rgba(0,0,0,0)","pattern":13,"center_content":false,"has_padding_smallscreen":false,"hori_scroll_mobile":false}},"1603432748985":{"type":"creative-builder","blocks":{"1603432771027":{"type":"collection","settings":{"width":100,"width_mobile":100,"has_padding":false,"collection_id":"latest-products","limit":4,"hori_scroll_mobile":false,"is_slider":false,"slider_items":4,"slider_items_mobile":2,"slider_arrow_pos":"cent-side","title":"Collection"}},"1603432843072":{"type":"spacing","settings":{"width":100,"width_mobile":0,"height":30,"mobile_height":30,"color_bg":"rgba(0,0,0,0)","line_thick":0,"line_width":100,"color_line":"#e6e7e8","line_align":"center"}}},"block_order":["1603432771027","1603432843072"],"settings":{"title":"MEN","heading_hide":false,"heading_underline":false,"underline_color":"#3a3a3a","heading_center":true,"has_container":true,"has_padding":false,"color_bg":"rgba(0,0,0,0)","pattern":0,"center_content":false,"has_padding_smallscreen":false,"hori_scroll_mobile":false}},"1603432857712":{"type":"creative-builder","blocks":{"1603432877977":{"type":"banner","settings":{"width":100,"width_mobile":100,"height":130,"mobile_height":100,"has_padding":false,"bg_image":"shopify:\/\/shop_images\/Rectangle_1108_6ed2f391-a6bc-482c-af7b-589f01b62c16.png","color_bg":"#cccccc","heading":"DISCOVER YOUR NEW STYLE","heading_color":"#ffffff","heading_size":40,"heading_weight":400,"heading_shadow":false,"heading_bgcolor_use":false,"heading_bgcolor":"#fff","cap":"","cap_color":"#ffffff","cap_size":14,"cap_weight":400,"cap_shadow":false,"cap_bgcolor_use":false,"cap_bgcolor":"#fff","cta_text":"SHOP NOW","linked_url":"shopify:\/\/collections\/all","modern":false,"cta_color":"#000000","cta_bgcolor":"#ffffff","cta_size":18,"cta_weight":400,"linklist":"","linklist_color":"#000000","linklist_size":13,"linklist_weight":400,"linklist_col":2,"linklist_type":"left","text_align":"text-align-center","side_padding_hori":60,"side_padding_vert":50,"border_top":false,"border_bottom":false,"border_left":false,"border_right":false,"mobile_border_top":false,"mobile_border_bottom":false,"mobile_border_left":false,"mobile_border_right":false,"title":"Banner","content_align_hori":true}},"1603433128498":{"type":"spacing","settings":{"width":100,"width_mobile":0,"height":70,"mobile_height":30,"color_bg":"rgba(0,0,0,0)","line_thick":0,"line_width":100,"color_line":"#e6e7e8","line_align":"center"}}},"block_order":["1603432877977","1603433128498"],"settings":{"title":"DISCOVER YOUR NEW STYLE","heading_hide":true,"heading_underline":false,"underline_color":"#3a3a3a","heading_center":true,"has_container":true,"has_padding":false,"color_bg":"rgba(0,0,0,0)","pattern":0,"center_content":false,"has_padding_smallscreen":false,"hori_scroll_mobile":false}},"1603434093500":{"type":"creative-builder","blocks":{"1603434564889":{"type":"collection","settings":{"width":100,"width_mobile":100,"has_padding":false,"collection_id":"bestsellers","limit":4,"hori_scroll_mobile":true,"is_slider":false,"slider_items":4,"slider_items_mobile":2,"slider_arrow_pos":"cent-side","title":"Collection"}},"1603434652481":{"type":"spacing","settings":{"width":100,"width_mobile":0,"height":30,"mobile_height":30,"color_bg":"rgba(0,0,0,0)","line_thick":0,"line_width":100,"color_line":"#e6e7e8","line_align":"center"}},"1603435101785":{"type":"banner","settings":{"width":100,"width_mobile":100,"height":130,"mobile_height":100,"has_padding":false,"bg_image":"shopify:\/\/shop_images\/Rectangle_1108_3a940171-41ea-40aa-9d8f-57c452b4200c.png","color_bg":"#cccccc","heading":"SOMETIMES YOU NEED MORE!","heading_color":"#ffffff","heading_size":40,"heading_weight":400,"heading_shadow":false,"heading_bgcolor_use":false,"heading_bgcolor":"#fff","cap":"","cap_color":"#ffffff","cap_size":14,"cap_weight":400,"cap_shadow":false,"cap_bgcolor_use":false,"cap_bgcolor":"#fff","cta_text":"SHOP NOW","linked_url":"shopify:\/\/collections\/all","modern":false,"cta_color":"#000000","cta_bgcolor":"#ffffff","cta_size":18,"cta_weight":400,"linklist":"","linklist_color":"#000000","linklist_size":13,"linklist_weight":400,"linklist_col":2,"linklist_type":"left","text_align":"text-align-center","side_padding_hori":50,"side_padding_vert":50,"border_top":false,"border_bottom":false,"border_left":false,"border_right":false,"mobile_border_top":false,"mobile_border_bottom":false,"mobile_border_left":false,"mobile_border_right":false,"title":"Banner","content_align_hori":true}},"1603435112045":{"type":"spacing","settings":{"width":100,"width_mobile":0,"height":70,"mobile_height":30,"color_bg":"rgba(0,0,0,0)","line_thick":0,"line_width":100,"color_line":"#e6e7e8","line_align":"center"}}},"block_order":["1603434564889","1603434652481","1603435101785","1603435112045"],"settings":{"title":"ACCESSORIES","heading_hide":false,"heading_underline":false,"underline_color":"#3a3a3a","heading_center":true,"has_container":true,"has_padding":false,"color_bg":"rgba(0,0,0,0)","pattern":0,"center_content":false,"has_padding_smallscreen":false,"hori_scroll_mobile":false}}},"order":["1601007560458","1601371831722","1603053446548","1603333080297","1602841692046","1603432748985","1603432857712","1603434093500","1603333180456","1603051453945","1603131622992"]}