{"sections":{"page-about-section-default":{"type":"page-about-section-default","blocks":{"1603558522482":{"type":"banner","settings":{"image":"shopify:\/\/shop_images\/about-banner_89a23403-01cc-4d00-afd3-b9406dcdbe9e.png","text":"What is<br>\nFastor?","alignment":"right"}},"1603558585812":{"type":"image_text","settings":{"image":"shopify:\/\/shop_images\/Rectangle_1108-3.png","heading":"Housed in a new aluminum design, the display has a very thin bezel that enhances visual accuracy.","caption":"Each display features two FireWire 400 ports and two USB 2.0 ports, making attachment of desktop peripherals, such as iSight, iPod, digital and still cameras, hard drives, printers and scanners, even more accessible and convenient. Taking advantage of the much thinner and lighter footprint of an LCD, the new displays support the VESA."}},"1603558621087":{"type":"info_blocks","settings":{"image_1":"shopify:\/\/shop_images\/service-1.png","heading_1":"Nice baloon pink baloon","caption_1":"Support for 2560-by-1600 pixel resolution for display of high definition still and video imagery.","image_2":"shopify:\/\/shop_images\/service-2.png","heading_2":"Perfect leather skirt","caption_2":"30-inch (viewable) active-matrix liquid crystal display provides breathtaking image quality and vivid, richly saturated color.","image_3":"shopify:\/\/shop_images\/service-3.png","heading_3":"Short shirt","caption_3":"Incredibly wide (170 degree) horizontal and vertical viewing angle for maximum visibility and color performance."}},"1603558709603":{"type":"text","settings":{"heading":"Nulla fermentum fermentum orci nec hendrerit. Vestibulum id eros ut sem dignissim laoreet. Proin ullamcorper ornare velit maximus fermentum. Donec a purus ac nisi convallis dignissim.","text":"Fusce et suscipit leo, non lobortis lorem. Pellentesque dictum auctor dui, id sodales lorem accumsan nec. Maecenas aliquet eu mauris id tempor. Donec sagittis lectus a pretium dapibus. Praesent at dolor euismod, dignissim mi vitae, tristique tellus. Ut in felis tortor. Phasellus et augue eu dui dapibus consectetur ut ac purus. Integer et lorem ac ipsum ornare fringilla. Ut feugiat faucibus leo.","background":""}},"1603558734944":{"type":"banner","settings":{"image":"shopify:\/\/shop_images\/about-banner3.png","text":"Nice baloon pink baloon","alignment":"left"}},"1603558771493":{"type":"info","settings":{"heading":"Suspendisse elementum, sapien id finibus lobortis, sem est auctor lectus, nec bibendum ipsum dui vel dolor.","title1":"20m+","caption1":"Customers<br> in one year","title2":"2.000","caption2":"Products added<br> each month","title3":"90%","caption3":"Biggest discount<br>  in our store"}},"1603558810906":{"type":"review","settings":{"heading":"What Customers Are Saying","review_1":"“Awesome products. Great quality. I will buy again! Never disappointed”","date_1":"January 3, 2019","review_2":"“Awesome theme!\nVery flexible theme for any needs. Customer support are very helpful if you need any help. 10\/10”","date_2":"January 3, 2019","review_3":"“Super fast and helpful customer service and support and brilliant product!”","date_3":"January 3, 2019"}},"1603558866243":{"type":"blog","settings":{"blog":"news","heading":"From the blog","limit":3,"button":"Show All","url":"shopify:\/\/blogs\/news"}},"1603558889116":{"type":"instagram","settings":{"heading":"Follow <a href=\"https:\/\/www.instagram.com\/roartheme\">@Fastor<\/a> on instagram","image1":"shopify:\/\/shop_images\/Rectangle_949_copy_5.png","url1":"","image2":"shopify:\/\/shop_images\/Rectangle_949_copy_4.png","url2":"","image3":"shopify:\/\/shop_images\/Rectangle_949_copy_2.png","url3":"","image4":"shopify:\/\/shop_images\/Rectangle_949_copy_3-2.png","url4":"","image5":"shopify:\/\/shop_images\/Rectangle_949_copy_3.png","url5":"","image6":"shopify:\/\/shop_images\/Rectangle_949_copy_8.png","url6":"","image7":"shopify:\/\/shop_images\/Rectangle_949_copy_7.png","url7":"","image8":"shopify:\/\/shop_images\/Rectangle_949_copy_6.png","url8":"","image9":"shopify:\/\/shop_images\/Rectangle_949_copy_5.png","url9":"","image10":"shopify:\/\/shop_images\/Rectangle_949_copy_4.png","url10":""}}},"block_order":["1603558522482","1603558585812","1603558621087","1603558709603","1603558734944","1603558771493","1603558810906","1603558866243","1603558889116"],"settings":{}}},"order":["page-about-section-default"]}