{"sections":{"about-section":{"type":"about-section","blocks":{"1533292829263":{"type":"introduction","settings":{"image":"","image_position":"left","heading":"Who we are","subheading":"You can edit content on admin!","content":"Tell your brand's story through video and images","about_heading":"","about_content":"","contact_heading":"","contact_content":""}},"1533722526834":{"type":"introduction","settings":{"image":"","image_position":"right","heading":"Who we are","subheading":"You can edit content on admin!","content":"Tell your brand's story through video and images","about_heading":"You can edit content on admin!","about_content":"Tell your brand's story through video and images","contact_heading":"You can edit content on admin!","contact_content":"Tell your brand's story through video and images"}},"1533724889421":{"type":"team","settings":{"heading":"MEET OUR TEAM","subheading":"THE RIGHT PEOPLE FOR YOUR PROJECT"}},"1533724924975":{"type":"member","settings":{"image":"","heading":"Name","subheading":"Position","url":""}},"1533724937235":{"type":"member","settings":{"image":"","heading":"Name","subheading":"Position","url":""}},"1533724943623":{"type":"member","settings":{"image":"","heading":"Name","subheading":"Position","url":"shopify:\/\/collections\/cameras"}}},"block_order":["1533292829263","1533722526834","1533724889421","1533724924975","1533724937235","1533724943623"],"settings":{}}},"order":["about-section"]}