{"sections":{"blogpost_page":{"type":"article-template","blocks":{"4030d871-f024-42c7-b9ba-c6a26c745782":{"type":"Promotions","settings":{"heading":"Aliquam viverra tellus a urna facilisis<br> bibendum.","svg_html1":"<svg width=\"48\" height=\"48\" viewbox=\"0 0 48 48\" fill=\"none\" xmlns=\"http:\/\/www.w3.org\/2000\/svg\">\n<path d=\"M12.5402 39.2806C14.6499 39.2806 16.3602 37.5704 16.3602 35.4606C16.3602 33.3509 14.6499 31.6406 12.5402 31.6406C10.4305 31.6406 8.72021 33.3509 8.72021 35.4606C8.72021 37.5704 10.4305 39.2806 12.5402 39.2806Z\" stroke=\"#191919\" stroke-width=\"2\" stroke-miterlimit=\"10\"><\/path>\n<path d=\"M35.4601 39.2806C37.5699 39.2806 39.2801 37.5704 39.2801 35.4606C39.2801 33.3509 37.5699 31.6406 35.4601 31.6406C33.3504 31.6406 31.6401 33.3509 31.6401 35.4606C31.6401 37.5704 33.3504 39.2806 35.4601 39.2806Z\" stroke=\"#191919\" stroke-width=\"2\" stroke-miterlimit=\"10\"><\/path>\n<path d=\"M8.72 35.4587H3V8.71875H37.36V16.3588L41.18 23.9987L45 26.1387V35.4587H39.28\" stroke=\"#191919\" stroke-width=\"2\" stroke-miterlimit=\"10\"><\/path>\n<path d=\"M31.6399 35.4609H16.3599\" stroke=\"#191919\" stroke-width=\"2\" stroke-miterlimit=\"10\"><\/path>\n<path d=\"M41.1802 23.9994H29.7202V16.3594H37.3602\" stroke=\"#191919\" stroke-width=\"2\" stroke-miterlimit=\"10\"><\/path>\n<\/svg>","title1":"Phasellus maximus varius<br>   erat sed molestie.","description1":"Cras mattis finibus justo eu condimentum. Ut id metus interdum, pretium tortor et, congue turpis. Sed condimentum gravida neque, eu ultrices diam consectetur nec.","svg_html2":"<svg width=\"48\" height=\"48\" viewbox=\"0 0 48 48\" fill=\"none\" xmlns=\"http:\/\/www.w3.org\/2000\/svg\">\n<path d=\"M37.36 3H10.64L3 16.36V45H45V16.36L37.36 3Z\" stroke=\"#191919\" stroke-width=\"2\" stroke-miterlimit=\"10\"><\/path>\n<path d=\"M8.72021 37.3594H16.3602\" stroke=\"#191919\" stroke-width=\"2\" stroke-miterlimit=\"10\"><\/path>\n<path d=\"M24 3V24\" stroke=\"#191919\" stroke-width=\"2\" stroke-miterlimit=\"10\"><\/path>\n<path d=\"M3 16.3594H45\" stroke=\"#191919\" stroke-width=\"2\" stroke-miterlimit=\"10\"><\/path>\n<\/svg>","title2":"Aenean tristique <br>  commodo gravida.","description2":"In hac habitasse platea dictumst. Sed venenatis tellus vitae dolor mattis mollis. Morbi nec placerat metus, ac aliquet felis. Suspendisse faucibus libero fringilla neque sagittis rutrum.","svg_html3":"<svg width=\"48\" height=\"48\" viewbox=\"0 0 48 48\" fill=\"none\" xmlns=\"http:\/\/www.w3.org\/2000\/svg\">\n<path d=\"M41.1797 3V14.46H8.71968C7.25852 14.3736 5.88555 13.7323 4.88154 12.6672C3.87754 11.6021 3.31836 10.1937 3.31836 8.73C3.31836 7.26629 3.87754 5.85787 4.88154 4.79277C5.88555 3.72767 7.25852 3.08636 8.71968 3H41.1797Z\" stroke=\"#191919\" stroke-width=\"2\" stroke-miterlimit=\"10\" stroke-linecap=\"square\"><\/path>\n<path d=\"M37.36 26H45V33.64H37.36C36.3469 33.64 35.3753 33.2375 34.6589 32.5211C33.9425 31.8048 33.54 30.8331 33.54 29.82C33.54 28.8069 33.9425 27.8352 34.6589 27.1189C35.3753 26.4025 36.3469 26 37.36 26Z\" stroke=\"#191919\" stroke-width=\"2\" stroke-miterlimit=\"10\" stroke-linecap=\"square\"><\/path>\n<path d=\"M45 14.4587V44.9987H6.82004C5.80853 44.9935 4.83995 44.5893 4.12469 43.8741C3.40944 43.1588 3.00529 42.1903 3.00003 41.1787V8.71875C2.9974 9.47159 3.14341 10.2175 3.42969 10.9138C3.71597 11.6101 4.13688 12.2431 4.6683 12.7763C5.19971 13.3096 5.83117 13.7327 6.52646 14.0214C7.22175 14.3101 7.96719 14.4588 8.72004 14.4587H45Z\" stroke=\"#191919\" stroke-width=\"2\" stroke-miterlimit=\"10\" stroke-linecap=\"square\"><\/path>\n<\/svg>","title3":"Phasellus ultrices rutrum<br>   ex ut tempus.","description3":"Nulla accumsan vel ex vitae luctus. Ut eros ante, molestie id mattis et, consequat a est. Maecenas ut eros nec nisl ultricies tempor vitae eget eros."}},"09ebd162-ec4e-4d8f-a953-0a530afb21f5":{"type":"collection","settings":{"heading":"New Arrivals in Women","collection":"bestsellers","items_limit":4}},"11946111-b014-4e38-8c94-cc9c09d4523e":{"type":"banner","settings":{"heading":"A team of designers<br> that make dreams<br> come true","url":"shopify:\/\/collections\/all","image":"shopify:\/\/shop_images\/collection-promo-1_fc8ad9e3-f75a-4ea6-9ebd-40e7caa709a1.png"}}},"block_order":["4030d871-f024-42c7-b9ba-c6a26c745782","09ebd162-ec4e-4d8f-a953-0a530afb21f5","11946111-b014-4e38-8c94-cc9c09d4523e"],"settings":{"blog_show_author":true,"blog_show_date":true,"show_share_buttons":true,"related_posts_visible":3,"related_posts_limit":3}}},"order":["blogpost_page"]}