{"sections":{"password-content":{"type":"password-content","settings":{"page_type":"default","overlay":true,"image":"shopify:\/\/shop_images\/coming-soon1.png","logo_image":"shopify:\/\/shop_images\/coming-logo.png","text_color":"white","newsletter_enable":true,"newsletter_form_heading":"Coming Soon","newsletter_form_subheading":"Opening Soon!","newsletter_placeholder":"Enter Your Email Address","newsletter_button_text":"Subscribe","countdown":"08-19-2021"}}},"order":["password-content"],"layout":"password"}