{"sections":{"1619455274a70d7089":{"type":"home-images-feed","blocks":{"1619455274a70d7089-0":{"type":"image","settings":{"image":"shopify:\/\/shop_images\/ins-1.png","url":"#"}},"1619455274a70d7089-1":{"type":"image","settings":{"image":"shopify:\/\/shop_images\/ins-2.png","url":"#"}},"1619455274a70d7089-2":{"type":"image","settings":{"image":"shopify:\/\/shop_images\/ins-3.png","url":"#"}},"1619455274a70d7089-3":{"type":"image","settings":{"image":"shopify:\/\/shop_images\/ins-4.png","url":"#"}},"1619455274a70d7089-4":{"type":"image","settings":{"image":"shopify:\/\/shop_images\/ins-5.png","url":"#"}}},"block_order":["1619455274a70d7089-0","1619455274a70d7089-1","1619455274a70d7089-2","1619455274a70d7089-3","1619455274a70d7089-4"],"settings":{"has_container":true,"title":"Express yourself with #fastor <br>on instagram","sub_title_text":"Follow Us on Instagram","mt_lg":12,"pt_lg":0,"mb_lg":0,"pb_lg":4,"mt":5,"pt":0,"mb":0,"pb":0}},"1620972091f5a355dd":{"type":"home-slideshow","blocks":{"1620972091f5a355dd-0":{"type":"slide_image_left","settings":{"color_bg":"#999da4","image":"shopify:\/\/shop_images\/slide1_899e2db3-308f-4947-b0e1-5992af92e8e3.png","title":"Street fashion not \n<br>only for the street","color_title":"black","fs_title":8,"description":"New collections!","color_description":"black","fs_description":2.5,"button_text":"Shop now","button_url":"shopify:\/\/collections\/all"}},"70ddf9ba-b90f-459b-bef5-ba94ad202bfe":{"type":"slide_image_left","settings":{"color_bg":"#999da4","image":"shopify:\/\/shop_images\/slide2_15ecfc27-ba15-43de-b56d-c2005e7826b8.png","title":"Be ready for\n<br> next summer!","color_title":"white","fs_title":8,"description":"New collections!","color_description":"white","fs_description":2.5,"button_text":"Shop now","button_url":"shopify:\/\/collections"}},"ea3b7fc9-6a20-41aa-a04b-164f590281b6":{"type":"slide_image_left","settings":{"color_bg":"#999da4","image":"shopify:\/\/shop_images\/slide3_f1e76b41-2489-48f0-b0c0-266c6e56508a.png","title":"Need winter\n<br>boots?","color_title":"black","fs_title":8,"description":"New collections!","color_description":"black","fs_description":2.5,"button_text":"Shop now","button_url":"shopify:\/\/collections\/all"}}},"block_order":["1620972091f5a355dd-0","70ddf9ba-b90f-459b-bef5-ba94ad202bfe","ea3b7fc9-6a20-41aa-a04b-164f590281b6"],"settings":{"has_container":false,"mt_lg":0,"pt_lg":0,"mb_lg":0,"pb_lg":0,"mt":0,"pt":0,"mb":0,"pb":0}},"1620973246c74aca01":{"type":"home-products-list","settings":{"has_container":true,"title":"New Arrivals","items_limit":8,"items_per_row":4,"collection":"store-8-new-arrivals","has_bottom_separate":false,"mt_lg":12,"pt_lg":0,"mb_lg":0,"pb_lg":0,"mt":5,"pt":0,"mb":0,"pb":0}},"16209762583086212b":{"type":"home-products-tabs","blocks":{"1620976258d71aade5-0":{"type":"collection","settings":{"title":"Bestsellers","collection":"store-7-bestsellers","visible_items":4,"limit":4}},"1620976258d71aade5-1":{"type":"collection","settings":{"title":"Featured","collection":"bestsellers","visible_items":4,"limit":4}},"1620976258d71aade5-2":{"type":"collection","settings":{"title":"Special","collection":"store-7-bestsellers","visible_items":4,"limit":4}}},"block_order":["1620976258d71aade5-0","1620976258d71aade5-1","1620976258d71aade5-2"],"settings":{"has_container":true,"mt_lg":11,"pt_lg":0,"mb_lg":0,"pb_lg":0,"mt":5,"pt":0,"mb":0,"pb":0}},"1620978341cbd40190":{"type":"home-banners","blocks":{"1620978341cbd40190-0":{"type":"banner_1","settings":{"width_destop":"4","width_tablet":"12","width_mobile":"12","image":"shopify:\/\/shop_images\/banner-1_54cbf8c2-1aec-4d88-874f-c39e7514b5bb.png","title":"Men","sub_title":"","button_url":"shopify:\/\/collections\/all","content_hori_align":"x-left pl-8","content_vert_align":"y-top pt-8","fs_title":2.5,"fs_subtitle":2.5,"color_text":"black"}},"1620978341cbd40190-1":{"type":"banner_1","settings":{"width_destop":"4","width_tablet":"12","width_mobile":"12","image":"shopify:\/\/shop_images\/banner-2_97e6fb36-b08f-4a15-bf52-cb91d6256695.png","title":"Women","sub_title":"","button_url":"shopify:\/\/collections\/all","content_hori_align":"x-left pl-8","content_vert_align":"y-top pt-8","fs_title":2.5,"fs_subtitle":2.5,"color_text":"black"}},"8ca81264-d42f-4d21-8947-16752d365c2c":{"type":"banner_1","settings":{"width_destop":"4","width_tablet":"12","width_mobile":"12","image":"shopify:\/\/shop_images\/banner-3_e1ed3a6a-96da-4899-b357-e04eec34005c.png","title":"Accessories","sub_title":"","button_url":"shopify:\/\/collections\/all","content_hori_align":"x-left pl-8","content_vert_align":"y-top pt-8","fs_title":2.5,"fs_subtitle":2.5,"color_text":"black"}},"37b0187b-144c-403e-babc-ac83e3fa8070":{"type":"banner_1","settings":{"width_destop":"4","width_tablet":"12","width_mobile":"12","image":"shopify:\/\/shop_images\/banner-4_af144b21-1696-4f3c-9d70-1618b885c7f4.png","title":"Glasses","sub_title":"","button_url":"shopify:\/\/collections\/all","content_hori_align":"x-left pl-8","content_vert_align":"y-top pt-8","fs_title":2.5,"fs_subtitle":2.5,"color_text":"black"}},"0c3d7292-3898-450c-b16d-6948d8cbe592":{"type":"banner_1","settings":{"width_destop":"4","width_tablet":"12","width_mobile":"12","image":"shopify:\/\/shop_images\/banner-5_17b61d99-3ba9-4087-aa7f-9d20f9268a61.png","title":"Shoes","sub_title":"","button_url":"shopify:\/\/collections\/all","content_hori_align":"x-left pl-8","content_vert_align":"y-top pt-8","fs_title":2.5,"fs_subtitle":2.5,"color_text":"black"}},"b5a80c50-c3d3-4355-bdab-4974211d5e45":{"type":"banner_1","settings":{"width_destop":"4","width_tablet":"12","width_mobile":"12","image":"shopify:\/\/shop_images\/banner-6_268556eb-a3f7-462d-a73e-d46e8a570892.png","title":"Jewelry","sub_title":"","button_url":"shopify:\/\/collections\/all","content_hori_align":"x-left pl-8","content_vert_align":"y-top pt-8","fs_title":2.5,"fs_subtitle":2.5,"color_text":"black"}},"9ffb2b8b-b7d8-4208-8368-6b844d5aad9d":{"type":"banner_3","settings":{"width_destop":"12","width_tablet":"12","width_mobile":"12","color_bg":"#ffeeef","title":"Up to 15% discount on your first purchase!","description":"Use discount code in checkout to get the discount.","button_text":"FREE15FIRST","button_url":"shopify:\/\/collections\/all","fs_title":3.5,"fs_description":2,"color_text":"primary"}}},"block_order":["1620978341cbd40190-0","1620978341cbd40190-1","8ca81264-d42f-4d21-8947-16752d365c2c","37b0187b-144c-403e-babc-ac83e3fa8070","0c3d7292-3898-450c-b16d-6948d8cbe592","b5a80c50-c3d3-4355-bdab-4974211d5e45","9ffb2b8b-b7d8-4208-8368-6b844d5aad9d"],"settings":{"has_container":true,"no_gutter":false,"mt_lg":8,"pt_lg":0,"mb_lg":0,"pb_lg":0,"mt":5,"pt":0,"mb":0,"pb":0}},"16209794340f6f0f4e":{"type":"home-banners","blocks":{"665e8fe0-d44b-4d5d-8631-e3034edb7eb4":{"type":"banner_2","settings":{"width_destop":"12","width_tablet":"12","width_mobile":"12","image":"shopify:\/\/shop_images\/banner-7_fd561b43-cfaf-4ba4-9646-12cb89983f21.png","title":"A team of designers<br> that make dreams<br>come true","description":"New collections!","button_text":"Shop now","button_url":"shopify:\/\/collections\/all","content_hori_align":"left","content_vert_align":"y-50","fs_title":5,"fs_description":2.2,"color_text":"white"}},"74af5b14-8db8-4ce4-8443-485ae04a8103":{"type":"banner_2","settings":{"width_destop":"12","width_tablet":"12","width_mobile":"12","image":"shopify:\/\/shop_images\/banner-8_a5090d9b-153b-4768-88e5-41d16e38f236.png","title":"The latest men's<br>trends this season","description":"New collections!","button_text":"Shop now","button_url":"shopify:\/\/collections\/all","content_hori_align":"right","content_vert_align":"y-50","fs_title":5,"fs_description":2.2,"color_text":"white"}}},"block_order":["665e8fe0-d44b-4d5d-8631-e3034edb7eb4","74af5b14-8db8-4ce4-8443-485ae04a8103"],"settings":{"has_container":true,"no_gutter":false,"mt_lg":12,"pt_lg":0,"mb_lg":0,"pb_lg":0,"mt":5,"pt":0,"mb":0,"pb":0}},"1620979914d04ec1ea":{"type":"home-benefits","blocks":{"1620979914d04ec1ea-0":{"type":"benefit","settings":{"svg_html":"<svg width=\"24\" height=\"24\" viewbox=\"0 0 24 24\" fill=\"none\" xmlns=\"http:\/\/www.w3.org\/2000\/svg\">\n<path d=\"M6.26986 19.6398C7.32473 19.6398 8.17986 18.7847 8.17986 17.7298C8.17986 16.675 7.32473 15.8198 6.26986 15.8198C5.215 15.8198 4.35986 16.675 4.35986 17.7298C4.35986 18.7847 5.215 19.6398 6.26986 19.6398Z\" stroke=\"#191919\" stroke-width=\"1.5\" stroke-miterlimit=\"10\"><\/path>\n<path d=\"M17.7298 19.6398C18.7847 19.6398 19.6398 18.7847 19.6398 17.7298C19.6398 16.675 18.7847 15.8198 17.7298 15.8198C16.675 15.8198 15.8198 16.675 15.8198 17.7298C15.8198 18.7847 16.675 19.6398 17.7298 19.6398Z\" stroke=\"#191919\" stroke-width=\"1.5\" stroke-miterlimit=\"10\"><\/path>\n<path d=\"M4.36 17.7299H1.5V4.35986H18.68V8.17986L20.59 11.9999L22.5 13.0699V17.7299H19.64\" stroke=\"#191919\" stroke-width=\"1.5\" stroke-miterlimit=\"10\"><\/path>\n<path d=\"M15.8202 17.73H8.18018\" stroke=\"#191919\" stroke-width=\"1.5\" stroke-miterlimit=\"10\"><\/path>\n<path d=\"M20.5899 12.0002H14.8599V8.18018H18.6799\" stroke=\"#191919\" stroke-width=\"1.5\" stroke-miterlimit=\"10\"><\/path>\n<\/svg>","title":"","description":"Free delivery"}},"1620979914d04ec1ea-1":{"type":"benefit","settings":{"svg_html":"<svg width=\"24\" height=\"24\" viewbox=\"0 0 24 24\" fill=\"none\" xmlns=\"http:\/\/www.w3.org\/2000\/svg\">\n<path d=\"M18.68 1.5H5.32L1.5 8.18V22.5H22.5V8.18L18.68 1.5Z\" stroke=\"#191919\" stroke-width=\"1.5\" stroke-miterlimit=\"10\"><\/path>\n<path d=\"M4.35986 18.6802H8.17986\" stroke=\"#191919\" stroke-width=\"1.5\" stroke-miterlimit=\"10\"><\/path>\n<path d=\"M12 1.5V12\" stroke=\"#191919\" stroke-width=\"1.5\" stroke-miterlimit=\"10\"><\/path>\n<path d=\"M1.5 8.18018H22.5\" stroke=\"#191919\" stroke-width=\"1.5\" stroke-miterlimit=\"10\"><\/path>\n<\/svg>","title":"","description":"Non-contact shipping"}},"1620979914d04ec1ea-2":{"type":"benefit","settings":{"svg_html":"<svg width=\"24\" height=\"24\" viewbox=\"0 0 24 24\" fill=\"none\" xmlns=\"http:\/\/www.w3.org\/2000\/svg\">\n<path d=\"M20.5898 1.5V7.23H4.35984C3.62926 7.18682 2.94277 6.86617 2.44077 6.33362C1.93877 5.80107 1.65918 5.09686 1.65918 4.365C1.65918 3.63314 1.93877 2.92893 2.44077 2.39638C2.94277 1.86383 3.62926 1.54318 4.35984 1.5H20.5898Z\" stroke=\"#191919\" stroke-width=\"1.5\" stroke-miterlimit=\"10\" stroke-linecap=\"square\"><\/path>\n<path d=\"M18.68 13H22.5V16.82H18.68C18.1735 16.82 17.6876 16.6188 17.3294 16.2606C16.9713 15.9024 16.77 15.4166 16.77 14.91C16.77 14.4034 16.9713 13.9176 17.3294 13.5594C17.6876 13.2012 18.1735 13 18.68 13Z\" stroke=\"#191919\" stroke-width=\"1.5\" stroke-miterlimit=\"10\" stroke-linecap=\"square\"><\/path>\n<path d=\"M22.5 7.22986V22.4999H3.41002C2.90426 22.4972 2.41997 22.2952 2.06235 21.9375C1.70472 21.5799 1.50264 21.0956 1.50002 20.5899V4.35986C1.4987 4.73628 1.57171 5.10926 1.71485 5.45741C1.85798 5.80556 2.06844 6.12202 2.33415 6.38866C2.59985 6.65529 2.91558 6.86685 3.26323 7.01121C3.61087 7.15556 3.98359 7.22987 4.36002 7.22986H22.5Z\" stroke=\"#191919\" stroke-width=\"1.5\" stroke-miterlimit=\"10\" stroke-linecap=\"square\"><\/path>\n<\/svg>","title":"","description":"Money back guarantee"}},"1620979914d04ec1ea-3":{"type":"benefit","settings":{"svg_html":"<svg width=\"24\" height=\"24\" viewbox=\"0 0 24 24\" fill=\"none\" xmlns=\"http:\/\/www.w3.org\/2000\/svg\">\n<path d=\"M12.0002 22.5C9.30789 21.9634 6.88479 20.5103 5.14352 18.3879C3.40224 16.2656 2.45044 13.6053 2.4502 10.86V3.41L12.0002 1.5L21.5502 3.41V10.86C21.5499 13.6053 20.5981 16.2656 18.8569 18.3879C17.1156 20.5103 14.6925 21.9634 12.0002 22.5V22.5Z\" stroke=\"#191919\" stroke-width=\"1.5\" stroke-miterlimit=\"10\"><\/path>\n<path d=\"M7.23047 10.93L10.8105 14.51L16.7705 8.54004\" stroke=\"#191919\" stroke-width=\"1.5\" stroke-miterlimit=\"10\"><\/path>\n<\/svg>","title":"","description":"Secure payments"}}},"block_order":["1620979914d04ec1ea-0","1620979914d04ec1ea-1","1620979914d04ec1ea-2","1620979914d04ec1ea-3"],"settings":{"type":"4","has_container":true,"has_top_separate":true,"has_bottom_separate":true,"no_gutter":false,"items_per_row":4,"mt_lg":3,"pt_lg":2,"mb_lg":0,"pb_lg":2,"mt":5,"pt":0,"mb":0,"pb":0}},"162098007160f001f1":{"type":"home-products-list","settings":{"has_container":true,"title":"Featuerd products","items_limit":8,"items_per_row":4,"collection":"bestsellers","has_bottom_separate":false,"mt_lg":16,"pt_lg":0,"mb_lg":0,"pb_lg":0,"mt":5,"pt":0,"mb":0,"pb":0}}},"order":["1620972091f5a355dd","1620978341cbd40190","1620973246c74aca01","16209794340f6f0f4e","16209762583086212b","1620979914d04ec1ea","162098007160f001f1","1619455274a70d7089"]}