{"sections":{"1613971549cb042f22":{"type":"home-slideshow","blocks":{"7ed233cc-ba80-4d2a-9581-d738a6322ca1":{"type":"slide_image_left","settings":{"color_bg":"#999da4","image":"shopify:\/\/shop_images\/slide1_e847fe94-eb21-4755-bb77-c15fc106ee88.png","title":"Street fashion\n<br>not only for\n<br>the street","color_title":"white","fs_title":8,"description":"New collections!","color_description":"white","fs_description":2,"button_text":"Shop now","button_url":"shopify:\/\/collections\/all"}},"4c3f0ca9-9eea-4e73-a86e-906a0d6a62ce":{"type":"slide_image_left","settings":{"color_bg":"#999da4","image":"shopify:\/\/shop_images\/slide2_32a3ce5b-eb9f-4f1c-a7b2-cad0a84e09c1.png","title":"The latest\n<br>men's trends\n<br>this season","color_title":"white","fs_title":8,"description":"New collections!","color_description":"white","fs_description":2,"button_text":"Shop now","button_url":"shopify:\/\/collections\/all"}},"7b9e7e5b-e50d-4a08-b916-0be9c262eaaa":{"type":"slide_image_left","settings":{"color_bg":"#999da4","image":"shopify:\/\/shop_images\/slide3_2ff1d9e1-6e7e-44ce-9e73-11f701db19ae.png","title":"The best\n<br>accessories\n<br>of 2020!","color_title":"white","fs_title":8,"description":"Best Prices, latest models","color_description":"black","fs_description":2,"button_text":"Shop now","button_url":"shopify:\/\/collections\/all"}}},"block_order":["7ed233cc-ba80-4d2a-9581-d738a6322ca1","4c3f0ca9-9eea-4e73-a86e-906a0d6a62ce","7b9e7e5b-e50d-4a08-b916-0be9c262eaaa"],"settings":{"has_container":false,"mt_lg":0,"pt_lg":0,"mb_lg":0,"pb_lg":0,"mt":0,"pt":0,"mb":0,"pb":0}},"1619413590d195d62f":{"type":"home-products-list","settings":{"has_container":true,"title":"Products list","items_limit":8,"items_per_row":4,"collection":"bestsellers","has_bottom_separate":false,"mt_lg":15,"pt_lg":0,"mb_lg":0,"pb_lg":0,"mt":5,"pt":0,"mb":0,"pb":0}},"161945431862b2c7f4":{"type":"home-benefits","blocks":{"161945431862b2c7f4-0":{"type":"benefit","settings":{"svg_html":"<svg width=\"24\" height=\"24\" viewbox=\"0 0 24 24\" fill=\"none\" xmlns=\"http:\/\/www.w3.org\/2000\/svg\">\n<path d=\"M6.26998 19.6398C7.32485 19.6398 8.17998 18.7847 8.17998 17.7298C8.17998 16.675 7.32485 15.8198 6.26998 15.8198C5.21512 15.8198 4.35999 16.675 4.35999 17.7298C4.35999 18.7847 5.21512 19.6398 6.26998 19.6398Z\" stroke=\"black\" stroke-width=\"1.5\" stroke-miterlimit=\"10\"><\/path>\n<path d=\"M17.73 19.6398C18.7849 19.6398 19.64 18.7847 19.64 17.7298C19.64 16.675 18.7849 15.8198 17.73 15.8198C16.6751 15.8198 15.82 16.675 15.82 17.7298C15.82 18.7847 16.6751 19.6398 17.73 19.6398Z\" stroke=\"black\" stroke-width=\"1.5\" stroke-miterlimit=\"10\"><\/path>\n<path d=\"M4.36 17.7299H1.5V4.35986H18.68V8.17986L20.59 11.9999L22.5 13.0699V17.7299H19.64\" stroke=\"black\" stroke-width=\"1.5\" stroke-miterlimit=\"10\"><\/path>\n<path d=\"M15.82 17.73H8.17999\" stroke=\"black\" stroke-width=\"1.5\" stroke-miterlimit=\"10\"><\/path>\n<path d=\"M20.59 12.0002H14.86V8.18018H18.68\" stroke=\"black\" stroke-width=\"1.5\" stroke-miterlimit=\"10\"><\/path>\n<\/svg>","title":"","description":"Free delivery"}},"161945431862b2c7f4-1":{"type":"benefit","settings":{"svg_html":"<svg width=\"24\" height=\"24\" viewbox=\"0 0 24 24\" fill=\"none\" xmlns=\"http:\/\/www.w3.org\/2000\/svg\">\n<path d=\"M18.68 1.5H5.32L1.5 8.18V22.5H22.5V8.18L18.68 1.5Z\" stroke=\"#191919\" stroke-width=\"1.5\" stroke-miterlimit=\"10\"><\/path>\n<path d=\"M4.35999 18.6802H8.17998\" stroke=\"#191919\" stroke-width=\"1.5\" stroke-miterlimit=\"10\"><\/path>\n<path d=\"M12 1.5V12\" stroke=\"#191919\" stroke-width=\"1.5\" stroke-miterlimit=\"10\"><\/path>\n<path d=\"M1.5 8.18018H22.5\" stroke=\"#191919\" stroke-width=\"1.5\" stroke-miterlimit=\"10\"><\/path>\n<\/svg>","title":"","description":"Non-contact shipping"}},"161945431862b2c7f4-2":{"type":"benefit","settings":{"svg_html":"<svg width=\"24\" height=\"24\" viewbox=\"0 0 24 24\" fill=\"none\" xmlns=\"http:\/\/www.w3.org\/2000\/svg\">\n<path d=\"M20.59 1.5V7.23H4.36C3.62941 7.18682 2.94293 6.86617 2.44092 6.33362C1.93892 5.80107 1.65933 5.09686 1.65933 4.365C1.65933 3.63314 1.93892 2.92893 2.44092 2.39638C2.94293 1.86383 3.62941 1.54318 4.36 1.5H20.59Z\" stroke=\"#191919\" stroke-width=\"1.5\" stroke-miterlimit=\"10\" stroke-linecap=\"square\"><\/path>\n<path d=\"M18.68 13H22.5V16.82H18.68C18.1734 16.82 17.6876 16.6188 17.3294 16.2606C16.9712 15.9024 16.77 15.4166 16.77 14.91C16.77 14.4034 16.9712 13.9176 17.3294 13.5594C17.6876 13.2012 18.1734 13 18.68 13Z\" stroke=\"#191919\" stroke-width=\"1.5\" stroke-miterlimit=\"10\" stroke-linecap=\"square\"><\/path>\n<path d=\"M22.5 7.22986V22.4999H3.40999C2.90423 22.4972 2.41994 22.2952 2.06232 21.9375C1.70469 21.5799 1.50261 21.0956 1.49999 20.5899V4.35986C1.49867 4.73628 1.57168 5.10926 1.71481 5.45741C1.85795 5.80556 2.06841 6.12202 2.33412 6.38866C2.59982 6.65529 2.91555 6.86685 3.2632 7.01121C3.61084 7.15556 3.98356 7.22987 4.35999 7.22986H22.5Z\" stroke=\"#191919\" stroke-width=\"1.5\" stroke-miterlimit=\"10\" stroke-linecap=\"square\"><\/path>\n<\/svg>","title":"","description":"Money back guarantee"}},"161945431862b2c7f4-3":{"type":"benefit","settings":{"svg_html":"<svg width=\"24\" height=\"24\" viewbox=\"0 0 24 24\" fill=\"none\" xmlns=\"http:\/\/www.w3.org\/2000\/svg\">\n<path d=\"M12 22.5C9.30769 21.9634 6.8846 20.5103 5.14332 18.3879C3.40205 16.2656 2.45025 13.6053 2.45 10.86V3.41L12 1.5L21.55 3.41V10.86C21.5498 13.6053 20.598 16.2656 18.8567 18.3879C17.1154 20.5103 14.6923 21.9634 12 22.5V22.5Z\" stroke=\"#191919\" stroke-width=\"1.5\" stroke-miterlimit=\"10\"><\/path>\n<path d=\"M7.23 10.93L10.81 14.51L16.77 8.54004\" stroke=\"#191919\" stroke-width=\"1.5\" stroke-miterlimit=\"10\"><\/path>\n<\/svg>","title":"","description":"Secure payments"}}},"block_order":["161945431862b2c7f4-0","161945431862b2c7f4-1","161945431862b2c7f4-2","161945431862b2c7f4-3"],"settings":{"type":"1","has_container":true,"has_top_separate":true,"has_bottom_separate":true,"no_gutter":false,"items_per_row":4,"mt_lg":18,"pt_lg":0,"mb_lg":0,"pb_lg":0,"mt":5,"pt":0,"mb":0,"pb":0}},"1619455274a70d7089":{"type":"home-images-feed","blocks":{"1619455274a70d7089-0":{"type":"image","settings":{"image":"shopify:\/\/shop_images\/ins-1.png","url":"#"}},"1619455274a70d7089-1":{"type":"image","settings":{"image":"shopify:\/\/shop_images\/ins-2.png","url":"#"}},"1619455274a70d7089-2":{"type":"image","settings":{"image":"shopify:\/\/shop_images\/ins-3.png","url":"#"}},"1619455274a70d7089-3":{"type":"image","settings":{"image":"shopify:\/\/shop_images\/ins-4.png","url":"#"}},"1619455274a70d7089-4":{"type":"image","settings":{"image":"shopify:\/\/shop_images\/ins-5.png","url":"#"}}},"block_order":["1619455274a70d7089-0","1619455274a70d7089-1","1619455274a70d7089-2","1619455274a70d7089-3","1619455274a70d7089-4"],"settings":{"has_container":true,"title":"Express yourself with #fastor <br>on instagram","sub_title_text":"Follow Us on Instagram","mt_lg":17,"pt_lg":0,"mb_lg":0,"pb_lg":0,"mt":5,"pt":0,"mb":0,"pb":0}},"1620744345a1d5e9f2":{"type":"home-double-floating-banner","settings":{"has_container":false,"floating_side":"right","image_1":"shopify:\/\/shop_images\/banner-2_96076f8f-b333-4d75-a4b8-b1afff4672d9.png","image_2":"shopify:\/\/shop_images\/banner-1_aa606ea1-0ae4-451f-a57e-4fd9f7200b31.png","title":"2021 <br> Collection <br> now on sale!","sub_title":"Check now!","button_text":"Shop now","fs_title":5.5,"fs_subtitle":2.2,"featured_products_used":false,"featured_products_collection":"","mt_lg":18,"pt_lg":0,"mb_lg":0,"pb_lg":5,"mt":5,"pt":0,"mb":0,"pb":0}},"1620751664a129fd1e":{"type":"home-triple-floating-banner","settings":{"has_container":true,"image_1":"shopify:\/\/shop_images\/banner-3_26eab014-7fce-4588-aa7a-be38fbd7b146.png","title_1":"Leaf Collection","sub_title_1":"Bestsellers","button_url_1":"shopify:\/\/collections\/all","image_2":"shopify:\/\/shop_images\/banner-5_5ff775e1-44e1-4b1c-8c72-639be5245874.png","title_2":"Old style in a new edition","sub_title_2":"","image_3":"shopify:\/\/shop_images\/banner-4_9abff460-460e-4d4d-bf37-d9b043ca2c71.png","title_3":"Glamour","sub_title_3":"New Arrival","mt_lg":19,"pt_lg":0,"mb_lg":0,"pb_lg":0,"mt":5,"pt":0,"mb":0,"pb":0}},"1620783424b292782e":{"type":"home-products-list","settings":{"has_container":true,"title":"Top 3 this week!","items_limit":3,"items_per_row":3,"collection":"bestsellers","has_bottom_separate":false,"mt_lg":20,"pt_lg":4,"mb_lg":0,"pb_lg":0,"mt":5,"pt":0,"mb":0,"pb":0}},"1620784334374b7ada":{"type":"home-double-floating-banner","settings":{"has_container":false,"floating_side":"left","image_1":"shopify:\/\/shop_images\/banner-6_746d22c3-bccc-47ea-bb87-915b3461d14b.png","image_2":"shopify:\/\/shop_images\/banner-7_1c82145d-ae26-4842-ad2f-162c05cd509b.png","title":"The best <br>accessories<br> of 2021","sub_title":"Now at a special price!","button_text":"Shop now","button_url":"shopify:\/\/collections\/all","fs_title":5.5,"fs_subtitle":2.2,"featured_products_used":false,"featured_products_collection":"","mt_lg":18,"pt_lg":0,"mb_lg":0,"pb_lg":5,"mt":5,"pt":0,"mb":0,"pb":0}},"1620791189d87735ab":{"type":"home-newsletter","settings":{"has_container":false,"color":"black","color_bg":"#ffffff","title":"Join our newsletter and bew always on time with news!","sub_title":"","description":"...and get $20 for your  first order","has_top_separate":false,"has_bottom_separate":false,"separator_for_dark":false,"mt_lg":18,"pt_lg":0,"mb_lg":0,"pb_lg":18,"mt":5,"pt":0,"mb":0,"pb":0}}},"order":["1613971549cb042f22","1620744345a1d5e9f2","1620751664a129fd1e","1619413590d195d62f","1620784334374b7ada","1620783424b292782e","1619455274a70d7089","161945431862b2c7f4","1620791189d87735ab"]}