{"sections":{"page_content":{"type":"page-template-contact","settings":{"image":"shopify:\/\/shop_images\/contact-image.png","info_heading":"How can <br>we help you?","info_subheading":"We are at your disposal 7 days a week!","info_address":"2972 Westheimer<br>  Rd. Santa Ana,<br>   Illinois 85486","info_phone":"(+800) 1234 5678 90","info_support_email":"info@company.com","social_links":true,"map":"<iframe src=\"https:\/\/www.google.com\/maps\/embed?pb=!1m18!1m12!1m3!1d3168.7447225135934!2d-122.09883048488443!3d37.419508279825585!2m3!1f0!2f0!3f0!3m2!1i1024!2i768!4f13.1!3m3!1m2!1s0x808fbb6fa5c601d9%3A0x282331437f7bc7b!2s1600%20Amphitheatre%20Pkwy%2C%20Mountain%20View%2C%20CA%2094043%2C%20USA!5e0!3m2!1sen!2s!4v1611058321480!5m2!1sen!2s\" width=\"100%\" height=\"450\" frameborder=\"0\" style=\"border:0;\" allowfullscreen=\"\" aria-hidden=\"false\" tabindex=\"0\"><\/iframe>"}}},"order":["page_content"]}