{"current":{"color_primary":"#d9121f","color_primary_dark":"#191919","color_secondary":"#d9121f","color_body":"#191919","color_light":"#f5f5f5","type_first_font":"poppins_n7","type_second_font":"poppins_n4","type_third_font":"poppins_n4","predictive_search_show_vendor":true,"predictive_search_show_price":true,"header_type":"3","megamenu_linklist_width_3":"6","megamenu_linklist_cols_3":3,"megamenu_bg_image_3":"shopify:\/\/shop_images\/submenu.png","megamenu_linklist_width_4":"5","megamenu_linklist_cols_4":1,"megamenu_bg_image_4":"shopify:\/\/shop_images\/submenu2.png","footer_type":"2","social_twitter_link":"","social_facebook_link":"#","social_pinterest_link":"#","social_instagram_link":"#","social_snapchat_link":"","social_youtube_link":"#","social_vimeo_link":"","product_item_type":"","product_item_image_ratio":"3\/4","product_template":"simple","product_swatch_color":true,"product_swatch_size":true,"product_swatch_color_advanced":true,"enable_review":true,"enable_wishlist":true,"wishlist_page":"wishlist","enable_compare":true,"product_sale_badge":"percent","sizechart":"size-chart","enable_ask_about_product":true,"product_grouped_heading":"Frequently bought together","product_grouped":"frequently-bought-together","collection_page_type":"promotion","page_bg_color":"#3c63a4","page_bg_image":"shopify:\/\/shop_images\/page-header-back.jpg","notfound_image":"shopify:\/\/shop_images\/404.png","blog_template":"mask-grid","addtocart_type":"minicart","enforce_googlefont_heading":true,"enforce_googlefont_heading_name":"Jost","enforce_googlefont_body":true,"enforce_googlefont_body_name":"Jost","sections":{"mobile-menu":{"type":"mobile-menu","settings":{"menu_linklist":"midoo-main-menu"}},"product-template":{"type":"product-template","settings":{"product_fullwidth":false,"show_sku":true,"show_vendor":true,"show_stock":true,"show_quantity_selector":true,"enable_payment_button":true,"show_share_buttons":true,"thumbnails_position":"left","media_size":"medium","enable_image_zoom":true,"shipping_info":"","enable_video_looping":false,"featured_products_enable":true,"featured_products_heading":"New Arrivals","featured_products":"bestsellers","show_stock_countdown":true,"stock_countdown_highlight_color":"#d9121f","show_stock_countdown_fake":true,"stock_countdown_fake_from":10,"stock_countdown_fake_to":40,"show_total_sold":true,"total_sold_qty_min":5,"total_sold_qty_max":20,"total_sold_time_min":4,"total_sold_time_max":24,"product_promotions":true,"product_promotion_icon_1":"<svg width=\"24\" height=\"24\" viewbox=\"0 0 24 24\" fill=\"none\" xmlns=\"http:\/\/www.w3.org\/2000\/svg\">\n<path d=\"M6.26998 19.6403C7.32485 19.6403 8.17998 18.7852 8.17998 17.7303C8.17998 16.6754 7.32485 15.8203 6.26998 15.8203C5.21512 15.8203 4.35999 16.6754 4.35999 17.7303C4.35999 18.7852 5.21512 19.6403 6.26998 19.6403Z\" stroke=\"#191919\" stroke-width=\"1.5\" stroke-miterlimit=\"10\"><\/path>\n<path d=\"M17.73 19.6403C18.7849 19.6403 19.64 18.7852 19.64 17.7303C19.64 16.6754 18.7849 15.8203 17.73 15.8203C16.6751 15.8203 15.82 16.6754 15.82 17.7303C15.82 18.7852 16.6751 19.6403 17.73 19.6403Z\" stroke=\"#191919\" stroke-width=\"1.5\" stroke-miterlimit=\"10\"><\/path>\n<path d=\"M4.36 17.7303H1.5V4.36035H18.68V8.18035L20.59 12.0004L22.5 13.0704V17.7303H19.64\" stroke=\"#191919\" stroke-width=\"1.5\" stroke-miterlimit=\"10\"><\/path>\n<path d=\"M15.82 17.7305H8.17999\" stroke=\"#191919\" stroke-width=\"1.5\" stroke-miterlimit=\"10\"><\/path>\n<path d=\"M20.59 11.9997H14.86V8.17969H18.68\" stroke=\"#191919\" stroke-width=\"1.5\" stroke-miterlimit=\"10\"><\/path>\n<\/svg>","product_promotion_text_1":"Free delivery","product_promotion_icon_2":"<svg width=\"24\" height=\"24\" viewbox=\"0 0 24 24\" fill=\"none\" xmlns=\"http:\/\/www.w3.org\/2000\/svg\">\n<path d=\"M18.68 1.5H5.32L1.5 8.18V22.5H22.5V8.18L18.68 1.5Z\" stroke=\"#191919\" stroke-width=\"1.5\" stroke-miterlimit=\"10\"><\/path>\n<path d=\"M4.35999 18.6797H8.17998\" stroke=\"#191919\" stroke-width=\"1.5\" stroke-miterlimit=\"10\"><\/path>\n<path d=\"M12 1.5V12\" stroke=\"#191919\" stroke-width=\"1.5\" stroke-miterlimit=\"10\"><\/path>\n<path d=\"M1.5 8.17969H22.5\" stroke=\"#191919\" stroke-width=\"1.5\" stroke-miterlimit=\"10\"><\/path>\n<\/svg>","product_promotion_text_2":"Non-contact shipping","product_promotion_icon_3":"<svg width=\"24\" height=\"24\" viewbox=\"0 0 24 24\" fill=\"none\" xmlns=\"http:\/\/www.w3.org\/2000\/svg\">\n<path d=\"M20.59 1.5V7.23H4.36003C3.62944 7.18682 2.94296 6.86617 2.44095 6.33362C1.93895 5.80107 1.65936 5.09686 1.65936 4.365C1.65936 3.63314 1.93895 2.92893 2.44095 2.39638C2.94296 1.86383 3.62944 1.54318 4.36003 1.5H20.59Z\" stroke=\"#191919\" stroke-width=\"1.5\" stroke-miterlimit=\"10\" stroke-linecap=\"square\"><\/path>\n<path d=\"M18.68 13H22.5V16.82H18.68C18.1735 16.82 17.6876 16.6188 17.3294 16.2606C16.9713 15.9024 16.77 15.4166 16.77 14.91C16.77 14.4034 16.9713 13.9176 17.3294 13.5594C17.6876 13.2012 18.1735 13 18.68 13Z\" stroke=\"#191919\" stroke-width=\"1.5\" stroke-miterlimit=\"10\" stroke-linecap=\"square\"><\/path>\n<path d=\"M22.5 7.23035V22.5004H3.41002C2.90426 22.4977 2.41997 22.2956 2.06235 21.938C1.70472 21.5804 1.50264 21.0961 1.50002 20.5904V4.36035C1.4987 4.73677 1.57171 5.10975 1.71485 5.4579C1.85798 5.80604 2.06844 6.12251 2.33415 6.38914C2.59985 6.65578 2.91558 6.86734 3.26323 7.01169C3.61087 7.15605 3.98359 7.23035 4.36002 7.23035H22.5Z\" stroke=\"#191919\" stroke-width=\"1.5\" stroke-miterlimit=\"10\" stroke-linecap=\"square\"><\/path>\n<\/svg>","product_promotion_text_3":"Money-back quarantee","product_promotion_icon_4":"<svg width=\"24\" height=\"24\" viewbox=\"0 0 24 24\" fill=\"none\" xmlns=\"http:\/\/www.w3.org\/2000\/svg\">\n<path d=\"M12 22.5C9.3077 21.9634 6.88461 20.5103 5.14333 18.3879C3.40206 16.2656 2.45026 13.6053 2.45001 10.86V3.41L12 1.5L21.55 3.41V10.86C21.5498 13.6053 20.598 16.2656 18.8567 18.3879C17.1154 20.5103 14.6923 21.9634 12 22.5V22.5Z\" stroke=\"#191919\" stroke-width=\"1.5\" stroke-miterlimit=\"10\"><\/path>\n<path d=\"M7.22998 10.93L10.81 14.51L16.77 8.54004\" stroke=\"#191919\" stroke-width=\"1.5\" stroke-miterlimit=\"10\"><\/path>\n<\/svg>","product_promotion_text_4":"Secure payments","product_images":true,"product_image_1":"shopify:\/\/shop_images\/p-image-1.png","product_image_2":"shopify:\/\/shop_images\/p-image-2.png","product_image_3":"shopify:\/\/shop_images\/p-image-3.png","product_image_4":"shopify:\/\/shop_images\/p-image-4.png","product_image_5":"shopify:\/\/shop_images\/p-image-2.png"}},"password-content":{"type":"password-content","settings":{"image":"shopify:\/\/shop_images\/coming-soon.jpg","newsletter_enable":true,"newsletter_form_heading":"Coming Soon","newsletter_form_subheading":"<p>We are currently working on an awesome new site. Stay tuned for more information. Subscribe to our newsletter to stay updated on our progress.<\/p>","newsletter_placeholder":"Enter Your Email Address","newsletter_button_text":"Subscribe","countdown":"01-19-2023"}},"page-contact-template":{"type":"page-contact-template","settings":{"info_heading":"CONTACT US","info_subheading":"Looking for help? Fill the form and start a new adventure.","info_address":"1600 Amphitheatre Parkway New York WC1 1BA","info_phone":"1.800.458.556","map":"<iframe src=\"https:\/\/www.google.com\/maps\/embed?pb=!1m18!1m12!1m3!1d3168.7447225135934!2d-122.09883048488443!3d37.419508279825585!2m3!1f0!2f0!3f0!3m2!1i1024!2i768!4f13.1!3m3!1m2!1s0x808fbb6fa5c601d9%3A0x282331437f7bc7b!2s1600%20Amphitheatre%20Pkwy%2C%20Mountain%20View%2C%20CA%2094043%2C%20USA!5e0!3m2!1sen!2s!4v1611058321480!5m2!1sen!2s\" width=\"100%\" height=\"450\" frameborder=\"0\" style=\"border:0;\" allowfullscreen=\"\" aria-hidden=\"false\" tabindex=\"0\"><\/iframe>"}},"page-faq-template":{"type":"page-faq-template","blocks":{"bd2c0533-40cc-4b0f-a9fc-3255a36f12f1":{"type":"faq","settings":{"question":"First Question?","answer":"De moveat laudatur vestra parum doloribus labitur sentire partes, eripuit praesenti congressus ostendit alienae, voluptati ornateque accusamus clamat reperietur convicia albucius, veniat quocirca vivendi aristotele errorem epicurus. Suppetet. Aeternum animadversionis."}},"89cbc9a4-5c3e-4cf6-9e04-042823dda6ac":{"type":"faq","settings":{"question":"Second Question?","answer":"De moveat laudatur vestra parum doloribus labitur sentire partes, eripuit praesenti congressus ostendit alienae, voluptati ornateque accusamus clamat reperietur convicia albucius, veniat quocirca vivendi aristotele errorem epicurus. Suppetet. Aeternum animadversionis."}},"1e84922c-a921-429c-9ab4-5c04422edd2b":{"type":"faq","settings":{"question":"Third Question?","answer":"De moveat laudatur vestra parum doloribus labitur sentire partes, eripuit praesenti congressus ostendit alienae, voluptati ornateque accusamus clamat reperietur convicia albucius, veniat quocirca vivendi aristotele errorem epicurus. Suppetet. Aeternum animadversionis."}}},"block_order":["bd2c0533-40cc-4b0f-a9fc-3255a36f12f1","89cbc9a4-5c3e-4cf6-9e04-042823dda6ac","1e84922c-a921-429c-9ab4-5c04422edd2b"],"settings":{}},"page-about-template":{"type":"page-about-template","settings":{}},"article-template":{"type":"article-template","settings":{"blog_show_author":true,"blog_show_date":true,"related_posts_visible":3,"related_posts_limit":4}},"list-collections-template":{"type":"list-collections-template","settings":{}},"collection-template-banner-sidebar":{"type":"collection-template-banner-sidebar","blocks":{"defa0621-8724-4ef8-ae35-a9dacf2b2bc0":{"type":"filter","settings":{"title":"Size","tags":"Small,Medium,Large,Extra Large"}}},"block_order":["defa0621-8724-4ef8-ae35-a9dacf2b2bc0"],"settings":{"layout":"grid","grid":3,"limit":"12","sort_enable":true,"tags_enable":true,"banner_used":true,"banner_image":"shopify:\/\/shop_images\/banner_1a2e6f91-48e0-448c-90da-1f7ed59a2019.jpg","banner_title":"With <br> sidebar","banner_title_stress":"Banner","banner_subtitle":"Riode shop","banner_description":"Simple and Fresh ShopStyle","cat_list":true,"cat_list_heading":"All Categories","cat_list_linklist":"main-menu","featured":false,"featured_heading":"Our featured","featured_collection":""}},"collection-template-boxed-banner":{"type":"collection-template-boxed-banner","blocks":{"ffb9bc01-68f5-46df-a059-92377dcbcd01":{"type":"filter","settings":{"title":"Color","tags":"Black,Red,White,Blue"}},"6b452a11-d6d8-416c-80c5-eb1bb94cd262":{"type":"filter","settings":{"title":"Size","tags":"Small,Medium,Large,Extra Large"}}},"block_order":["ffb9bc01-68f5-46df-a059-92377dcbcd01","6b452a11-d6d8-416c-80c5-eb1bb94cd262"],"settings":{"layout":"grid","grid":3,"limit":"12","sort_enable":true,"tags_enable":true,"banner_used":true,"banner_image":"shopify:\/\/shop_images\/banner2_047da78f-59be-47bf-ae24-c7416a69fd9c.jpg","banner_title":"Style","banner_title_stress":"Boxed banner","banner_subtitle":"Riode shop","banner_description":"Select between any our","banner_description_stress":"Categories style","cat_list":true,"cat_list_heading":"All Categories","cat_list_linklist":"main-menu","featured":false,"featured_heading":"Our featured","featured_collection":""}},"collection-template-infinite-ajaxscroll":{"type":"collection-template-infinite-ajaxscroll","settings":{"layout":"grid","grid":4,"show_collection_image":true,"sort_enable":true,"tags_enable":true,"cat_list":true,"cat_list_heading":"All Categories","cat_list_linklist":"","featured":true,"featured_heading":"Our featured","featured_collection":""}},"collection-template-horizontal-filter":{"type":"collection-template-horizontal-filter","blocks":{"97320741-bf2b-4938-a936-9c1bf3317baa":{"type":"filter","settings":{"title":"Select Size","tags":"Small, Medium, Large, Extra Large"}},"fd477cdf-141b-4eb5-b084-198334d03737":{"type":"filter","settings":{"title":"Select Color","tags":"Black, Blue, Green"}}},"block_order":["97320741-bf2b-4938-a936-9c1bf3317baa","fd477cdf-141b-4eb5-b084-198334d03737"],"settings":{"layout":"grid","grid":3,"limit":"12","show_collection_image":true,"sort_enable":true,"tags_enable":true}},"collection-template-horizontal-filtertoggle":{"type":"collection-template-horizontal-filtertoggle","blocks":{"c3575c00-467d-439e-b853-14783703a6c2":{"type":"filter","settings":{"title":"Size","tags":"Small, Medium, Large, Extra Large"}}},"block_order":["c3575c00-467d-439e-b853-14783703a6c2"],"settings":{"layout":"grid","grid":3,"limit":"12","show_collection_image":true,"sort_enable":true,"tags_enable":true}},"collection-template-offcanvas-sidebar":{"type":"collection-template-offcanvas-sidebar","blocks":{"f467bc4c-2524-4bf6-8f78-427c9e8a8322":{"type":"filter","settings":{"title":"Size","tags":"Small, Medium, Large, Extra Large"}}},"block_order":["f467bc4c-2524-4bf6-8f78-427c9e8a8322"],"settings":{"layout":"grid","grid":6,"limit":"15","show_collection_image":true,"sort_enable":true,"tags_enable":true,"cat_list":true,"cat_list_heading":"All Categories","cat_list_linklist":"main-menu","featured":true,"featured_heading":"Our featured","featured_collection":""}},"collection-template-right-sidebar":{"type":"collection-template-right-sidebar","settings":{"layout":"grid","grid":3,"limit":"12","show_collection_image":true,"sort_enable":true,"tags_enable":true,"cat_list":true,"cat_list_heading":"All Categories","cat_list_linklist":"","featured":true,"featured_heading":"Our featured","featured_collection":""}},"1613971549cb042f22":{"type":"home-slideshow","blocks":{"7ed233cc-ba80-4d2a-9581-d738a6322ca1":{"type":"slide_image_left","settings":{"color_bg":"#999da4","image":"shopify:\/\/shop_images\/slide1_e847fe94-eb21-4755-bb77-c15fc106ee88.png","title":"Street fashion\n<br>not only for\n<br>the street","color_title":"white","fs_title":8,"description":"New collections!","color_description":"white","fs_description":2,"button_text":"Shop now","button_url":"shopify:\/\/collections\/all"}},"4c3f0ca9-9eea-4e73-a86e-906a0d6a62ce":{"type":"slide_image_left","settings":{"color_bg":"#999da4","image":"shopify:\/\/shop_images\/slide2_32a3ce5b-eb9f-4f1c-a7b2-cad0a84e09c1.png","title":"The latest\n<br>men's trends\n<br>this season","color_title":"white","fs_title":8,"description":"New collections!","color_description":"white","fs_description":2,"button_text":"Shop now","button_url":"shopify:\/\/collections\/all"}},"7b9e7e5b-e50d-4a08-b916-0be9c262eaaa":{"type":"slide_image_left","settings":{"color_bg":"#999da4","image":"shopify:\/\/shop_images\/slide3_2ff1d9e1-6e7e-44ce-9e73-11f701db19ae.png","title":"The best\n<br>accessories\n<br>of 2020!","color_title":"white","fs_title":8,"description":"Best Prices, latest models","color_description":"black","fs_description":2,"button_text":"Shop now","button_url":"shopify:\/\/collections\/all"}}},"block_order":["7ed233cc-ba80-4d2a-9581-d738a6322ca1","4c3f0ca9-9eea-4e73-a86e-906a0d6a62ce","7b9e7e5b-e50d-4a08-b916-0be9c262eaaa"],"settings":{"has_container":false,"mt_lg":0,"pt_lg":0,"mb_lg":0,"pb_lg":0,"mt":0,"pt":0,"mb":0,"pb":0}},"1619413590d195d62f":{"type":"home-products-list","settings":{"has_container":true,"title":"Products list","items_limit":8,"items_per_row":4,"collection":"bestsellers","has_bottom_separate":false,"mt_lg":15,"pt_lg":0,"mb_lg":0,"pb_lg":0,"mt":5,"pt":0,"mb":0,"pb":0}},"161945431862b2c7f4":{"type":"home-benefits","blocks":{"161945431862b2c7f4-0":{"type":"benefit","settings":{"svg_html":"<svg width=\"24\" height=\"24\" viewbox=\"0 0 24 24\" fill=\"none\" xmlns=\"http:\/\/www.w3.org\/2000\/svg\">\n<path d=\"M6.26998 19.6398C7.32485 19.6398 8.17998 18.7847 8.17998 17.7298C8.17998 16.675 7.32485 15.8198 6.26998 15.8198C5.21512 15.8198 4.35999 16.675 4.35999 17.7298C4.35999 18.7847 5.21512 19.6398 6.26998 19.6398Z\" stroke=\"black\" stroke-width=\"1.5\" stroke-miterlimit=\"10\"><\/path>\n<path d=\"M17.73 19.6398C18.7849 19.6398 19.64 18.7847 19.64 17.7298C19.64 16.675 18.7849 15.8198 17.73 15.8198C16.6751 15.8198 15.82 16.675 15.82 17.7298C15.82 18.7847 16.6751 19.6398 17.73 19.6398Z\" stroke=\"black\" stroke-width=\"1.5\" stroke-miterlimit=\"10\"><\/path>\n<path d=\"M4.36 17.7299H1.5V4.35986H18.68V8.17986L20.59 11.9999L22.5 13.0699V17.7299H19.64\" stroke=\"black\" stroke-width=\"1.5\" stroke-miterlimit=\"10\"><\/path>\n<path d=\"M15.82 17.73H8.17999\" stroke=\"black\" stroke-width=\"1.5\" stroke-miterlimit=\"10\"><\/path>\n<path d=\"M20.59 12.0002H14.86V8.18018H18.68\" stroke=\"black\" stroke-width=\"1.5\" stroke-miterlimit=\"10\"><\/path>\n<\/svg>","title":"","description":"Free delivery"}},"161945431862b2c7f4-1":{"type":"benefit","settings":{"svg_html":"<svg width=\"24\" height=\"24\" viewbox=\"0 0 24 24\" fill=\"none\" xmlns=\"http:\/\/www.w3.org\/2000\/svg\">\n<path d=\"M18.68 1.5H5.32L1.5 8.18V22.5H22.5V8.18L18.68 1.5Z\" stroke=\"#191919\" stroke-width=\"1.5\" stroke-miterlimit=\"10\"><\/path>\n<path d=\"M4.35999 18.6802H8.17998\" stroke=\"#191919\" stroke-width=\"1.5\" stroke-miterlimit=\"10\"><\/path>\n<path d=\"M12 1.5V12\" stroke=\"#191919\" stroke-width=\"1.5\" stroke-miterlimit=\"10\"><\/path>\n<path d=\"M1.5 8.18018H22.5\" stroke=\"#191919\" stroke-width=\"1.5\" stroke-miterlimit=\"10\"><\/path>\n<\/svg>","title":"","description":"Non-contact shipping"}},"161945431862b2c7f4-2":{"type":"benefit","settings":{"svg_html":"<svg width=\"24\" height=\"24\" viewbox=\"0 0 24 24\" fill=\"none\" xmlns=\"http:\/\/www.w3.org\/2000\/svg\">\n<path d=\"M20.59 1.5V7.23H4.36C3.62941 7.18682 2.94293 6.86617 2.44092 6.33362C1.93892 5.80107 1.65933 5.09686 1.65933 4.365C1.65933 3.63314 1.93892 2.92893 2.44092 2.39638C2.94293 1.86383 3.62941 1.54318 4.36 1.5H20.59Z\" stroke=\"#191919\" stroke-width=\"1.5\" stroke-miterlimit=\"10\" stroke-linecap=\"square\"><\/path>\n<path d=\"M18.68 13H22.5V16.82H18.68C18.1734 16.82 17.6876 16.6188 17.3294 16.2606C16.9712 15.9024 16.77 15.4166 16.77 14.91C16.77 14.4034 16.9712 13.9176 17.3294 13.5594C17.6876 13.2012 18.1734 13 18.68 13Z\" stroke=\"#191919\" stroke-width=\"1.5\" stroke-miterlimit=\"10\" stroke-linecap=\"square\"><\/path>\n<path d=\"M22.5 7.22986V22.4999H3.40999C2.90423 22.4972 2.41994 22.2952 2.06232 21.9375C1.70469 21.5799 1.50261 21.0956 1.49999 20.5899V4.35986C1.49867 4.73628 1.57168 5.10926 1.71481 5.45741C1.85795 5.80556 2.06841 6.12202 2.33412 6.38866C2.59982 6.65529 2.91555 6.86685 3.2632 7.01121C3.61084 7.15556 3.98356 7.22987 4.35999 7.22986H22.5Z\" stroke=\"#191919\" stroke-width=\"1.5\" stroke-miterlimit=\"10\" stroke-linecap=\"square\"><\/path>\n<\/svg>","title":"","description":"Money back guarantee"}},"161945431862b2c7f4-3":{"type":"benefit","settings":{"svg_html":"<svg width=\"24\" height=\"24\" viewbox=\"0 0 24 24\" fill=\"none\" xmlns=\"http:\/\/www.w3.org\/2000\/svg\">\n<path d=\"M12 22.5C9.30769 21.9634 6.8846 20.5103 5.14332 18.3879C3.40205 16.2656 2.45025 13.6053 2.45 10.86V3.41L12 1.5L21.55 3.41V10.86C21.5498 13.6053 20.598 16.2656 18.8567 18.3879C17.1154 20.5103 14.6923 21.9634 12 22.5V22.5Z\" stroke=\"#191919\" stroke-width=\"1.5\" stroke-miterlimit=\"10\"><\/path>\n<path d=\"M7.23 10.93L10.81 14.51L16.77 8.54004\" stroke=\"#191919\" stroke-width=\"1.5\" stroke-miterlimit=\"10\"><\/path>\n<\/svg>","title":"","description":"Secure payments"}}},"block_order":["161945431862b2c7f4-0","161945431862b2c7f4-1","161945431862b2c7f4-2","161945431862b2c7f4-3"],"settings":{"type":"1","has_container":true,"has_top_separate":true,"has_bottom_separate":true,"no_gutter":false,"items_per_row":4,"mt_lg":18,"pt_lg":0,"mb_lg":0,"pb_lg":0,"mt":5,"pt":0,"mb":0,"pb":0}},"1619455274a70d7089":{"type":"home-images-feed","blocks":{"1619455274a70d7089-0":{"type":"image","settings":{"image":"shopify:\/\/shop_images\/ins-1.png","url":"#"}},"1619455274a70d7089-1":{"type":"image","settings":{"image":"shopify:\/\/shop_images\/ins-2.png","url":"#"}},"1619455274a70d7089-2":{"type":"image","settings":{"image":"shopify:\/\/shop_images\/ins-3.png","url":"#"}},"1619455274a70d7089-3":{"type":"image","settings":{"image":"shopify:\/\/shop_images\/ins-4.png","url":"#"}},"1619455274a70d7089-4":{"type":"image","settings":{"image":"shopify:\/\/shop_images\/ins-5.png","url":"#"}}},"block_order":["1619455274a70d7089-0","1619455274a70d7089-1","1619455274a70d7089-2","1619455274a70d7089-3","1619455274a70d7089-4"],"settings":{"has_container":true,"title":"Express yourself with #fastor <br>on instagram","sub_title_text":"Follow Us on Instagram","mt_lg":17,"pt_lg":0,"mb_lg":0,"pb_lg":0,"mt":5,"pt":0,"mb":0,"pb":0}},"header-2":{"type":"header-2","settings":{"announcement_used":true,"announcement_text":"Summer sale for all swim suits - off 50%!","top_button_text":"Shop Now","top_button_url":"shopify:\/\/collections\/all","header_logo":"shopify:\/\/shop_images\/LOGO_c63989d8-dd81-4315-95fe-0ceeaa9a27b4.png","main_menu":true,"main_menu_linklist":"midoo-main-menu","top_currency":true,"top_language":true}},"home-benefits":{"type":"home-benefits","blocks":{"a7371e66-52e4-4817-8f30-bc73b3c50474":{"type":"benefit","settings":{"svg_html":"<svg width=\"24\" height=\"24\" viewbox=\"0 0 24 24\" fill=\"none\" xmlns=\"http:\/\/www.w3.org\/2000\/svg\">\n<path d=\"M6.26998 19.6403C7.32485 19.6403 8.17998 18.7852 8.17998 17.7303C8.17998 16.6754 7.32485 15.8203 6.26998 15.8203C5.21512 15.8203 4.35999 16.6754 4.35999 17.7303C4.35999 18.7852 5.21512 19.6403 6.26998 19.6403Z\" stroke=\"#191919\" stroke-width=\"1.5\" stroke-miterlimit=\"10\"><\/path>\n<path d=\"M17.73 19.6403C18.7849 19.6403 19.64 18.7852 19.64 17.7303C19.64 16.6754 18.7849 15.8203 17.73 15.8203C16.6751 15.8203 15.82 16.6754 15.82 17.7303C15.82 18.7852 16.6751 19.6403 17.73 19.6403Z\" stroke=\"#191919\" stroke-width=\"1.5\" stroke-miterlimit=\"10\"><\/path>\n<path d=\"M4.36 17.7303H1.5V4.36035H18.68V8.18035L20.59 12.0004L22.5 13.0704V17.7303H19.64\" stroke=\"#191919\" stroke-width=\"1.5\" stroke-miterlimit=\"10\"><\/path>\n<path d=\"M15.82 17.7305H8.17999\" stroke=\"#191919\" stroke-width=\"1.5\" stroke-miterlimit=\"10\"><\/path>\n<path d=\"M20.59 11.9997H14.86V8.17969H18.68\" stroke=\"#191919\" stroke-width=\"1.5\" stroke-miterlimit=\"10\"><\/path>\n<\/svg>","title":"","description":"Free delivery"}},"138d61bd-93cb-444a-ae63-c37a32f20b91":{"type":"benefit","settings":{"svg_html":"<svg width=\"24\" height=\"24\" viewbox=\"0 0 24 24\" fill=\"none\" xmlns=\"http:\/\/www.w3.org\/2000\/svg\">\n<path d=\"M18.68 1.5H5.32L1.5 8.18V22.5H22.5V8.18L18.68 1.5Z\" stroke=\"#191919\" stroke-width=\"1.5\" stroke-miterlimit=\"10\"><\/path>\n<path d=\"M4.35999 18.6797H8.17998\" stroke=\"#191919\" stroke-width=\"1.5\" stroke-miterlimit=\"10\"><\/path>\n<path d=\"M12 1.5V12\" stroke=\"#191919\" stroke-width=\"1.5\" stroke-miterlimit=\"10\"><\/path>\n<path d=\"M1.5 8.17969H22.5\" stroke=\"#191919\" stroke-width=\"1.5\" stroke-miterlimit=\"10\"><\/path>\n<\/svg>","title":"","description":"Non-contact shipping"}},"4a8dd94c-d667-4334-b7d3-02a15d56cfc0":{"type":"benefit","settings":{"svg_html":"<svg width=\"24\" height=\"24\" viewbox=\"0 0 24 24\" fill=\"none\" xmlns=\"http:\/\/www.w3.org\/2000\/svg\">\n<path d=\"M20.59 1.5V7.23H4.36C3.62941 7.18682 2.94293 6.86617 2.44092 6.33362C1.93892 5.80107 1.65933 5.09686 1.65933 4.365C1.65933 3.63314 1.93892 2.92893 2.44092 2.39638C2.94293 1.86383 3.62941 1.54318 4.36 1.5H20.59Z\" stroke=\"#191919\" stroke-width=\"1.5\" stroke-miterlimit=\"10\" stroke-linecap=\"square\"><\/path>\n<path d=\"M18.68 13H22.5V16.82H18.68C18.1734 16.82 17.6876 16.6188 17.3294 16.2606C16.9712 15.9024 16.77 15.4166 16.77 14.91C16.77 14.4034 16.9712 13.9176 17.3294 13.5594C17.6876 13.2012 18.1734 13 18.68 13Z\" stroke=\"#191919\" stroke-width=\"1.5\" stroke-miterlimit=\"10\" stroke-linecap=\"square\"><\/path>\n<path d=\"M22.5 7.23035V22.5004H3.40999C2.90423 22.4977 2.41994 22.2956 2.06232 21.938C1.70469 21.5804 1.50261 21.0961 1.49999 20.5904V4.36035C1.49867 4.73677 1.57168 5.10975 1.71481 5.4579C1.85795 5.80604 2.06841 6.12251 2.33412 6.38914C2.59982 6.65578 2.91555 6.86734 3.2632 7.01169C3.61084 7.15605 3.98356 7.23035 4.35999 7.23035H22.5Z\" stroke=\"#191919\" stroke-width=\"1.5\" stroke-miterlimit=\"10\" stroke-linecap=\"square\"><\/path>\n<\/svg>","title":"","description":"Money-back quarantee"}},"d59a1d88-08c3-47c2-9d9e-8e584c6b6df9":{"type":"benefit","settings":{"svg_html":"<svg width=\"24\" height=\"24\" viewbox=\"0 0 24 24\" fill=\"none\" xmlns=\"http:\/\/www.w3.org\/2000\/svg\">\n<path d=\"M12 22.5C9.30769 21.9634 6.8846 20.5103 5.14332 18.3879C3.40205 16.2656 2.45025 13.6053 2.45 10.86V3.41L12 1.5L21.55 3.41V10.86C21.5498 13.6053 20.598 16.2656 18.8567 18.3879C17.1154 20.5103 14.6923 21.9634 12 22.5V22.5Z\" stroke=\"#191919\" stroke-width=\"1.5\" stroke-miterlimit=\"10\"><\/path>\n<path d=\"M7.23 10.93L10.81 14.51L16.77 8.54004\" stroke=\"#191919\" stroke-width=\"1.5\" stroke-miterlimit=\"10\"><\/path>\n<\/svg>","title":"","description":"Secure payments"}}},"block_order":["a7371e66-52e4-4817-8f30-bc73b3c50474","138d61bd-93cb-444a-ae63-c37a32f20b91","4a8dd94c-d667-4334-b7d3-02a15d56cfc0","d59a1d88-08c3-47c2-9d9e-8e584c6b6df9"],"settings":{"type":"4","has_container":true,"has_top_separate":true,"has_bottom_separate":true,"no_gutter":false,"items_per_row":4,"mt_lg":8,"pt_lg":2,"mb_lg":0,"pb_lg":2,"mt":5,"pt":0,"mb":0,"pb":0}},"header-1":{"type":"header-1","settings":{"announcement_used":true,"announcement_text":"Summer sale for all swim suits - off 50%!","top_button_text":"Shop Now","header_logo":"shopify:\/\/shop_images\/LOGO.png","main_menu":true,"main_menu_linklist":"midoo-main-menu","top_currency":true,"top_language":true}},"header-3":{"type":"header-3","blocks":{"1563daae-d689-43f4-a1ee-fe8d87b4d5ae":{"type":"banner2","settings":{"hook":"Men","image":"shopify:\/\/shop_images\/slider_0e1536a8-42ec-451c-b4ca-84e2293dc4a5.png","title":"The latest men's trends<br> this season","description":"New collections!","button_text":"Shop now","button_url":"shopify:\/\/collections\/all","content_hori_align":"right","content_vert_align":"y-50","fs_title":4,"fs_description":2,"color_text":"white"}},"30f8d97c-c54c-4059-9caa-5218f6582fa5":{"type":"banner1","settings":{"hook":"women","order":3,"width_destop":"4","image":"shopify:\/\/shop_images\/banner_-_6.png","title":"Street style<br>  has its own<br>  rules","sub_title":"","button_url":"shopify:\/\/collections\/all","content_hori_align":"x-left pl-8","content_vert_align":"y-top pt-8","fs_title":3,"fs_subtitle":2.5,"color_text":"white"}},"4f802c4f-b6e7-40a0-9759-0f4055f6f455":{"type":"product","settings":{"hook":"women","order":4,"width_destop":"3","product":"apple-cinema-30"}},"cf9eb759-db0f-4372-af46-dfbb63580841":{"type":"circle_collection","settings":{"hook":"Categories","order":1,"width_destop":"2","collection":"bestsellers","bk_image":"shopify:\/\/shop_images\/cat-1_196x196_2x_99b8f9e2-331f-4ed0-bd6a-c35697f6ce3e.png","bk_title":"Women"}},"e887dc85-55d9-4eeb-b61c-af093657ef44":{"type":"circle_collection","settings":{"hook":"Categories","order":2,"width_destop":"2","collection":"bestsellers","bk_image":"shopify:\/\/shop_images\/cat-2_196x196_2x_668117d2-f091-4ef2-8698-10502abc0bc4.png","bk_title":"Men"}},"403c8f6b-b092-47f6-88e1-4db717783a9e":{"type":"circle_collection","settings":{"hook":"Categories","order":3,"width_destop":"2","collection":"bestsellers","bk_image":"shopify:\/\/shop_images\/cat-3_196x196_2x_def27b4f-fc8e-4525-906c-a54a98729ef4.png","bk_title":"Shoes"}},"88716cff-31b0-412a-a8a4-2deb2c18c8ca":{"type":"circle_collection","settings":{"hook":"Categories","order":4,"width_destop":"2","collection":"bestsellers","bk_image":"shopify:\/\/shop_images\/cat-4_196x196_2x_e1bb1f8e-abe4-4c3a-b528-8bedd56a5324.png","bk_title":"Bags"}},"eebd3238-dccd-4387-88d5-1253f84412fb":{"type":"circle_collection","settings":{"hook":"Categories","order":5,"width_destop":"2","collection":"bestsellers","bk_image":"shopify:\/\/shop_images\/cat-5_196x196_2x_36e64abb-b925-4793-a4b8-0474afd394dc.png","bk_title":"Glasses"}},"298e2ec0-a747-4525-93c0-8db4385fadcf":{"type":"circle_collection","settings":{"hook":"Categories","order":6,"width_destop":"2","collection":"bestsellers","bk_image":"shopify:\/\/shop_images\/cat-6_196x196_2x_3bbf05a4-d3eb-4de9-b489-6a9236376c0c.png","bk_title":"Jewelry"}}},"block_order":["1563daae-d689-43f4-a1ee-fe8d87b4d5ae","30f8d97c-c54c-4059-9caa-5218f6582fa5","4f802c4f-b6e7-40a0-9759-0f4055f6f455","cf9eb759-db0f-4372-af46-dfbb63580841","e887dc85-55d9-4eeb-b61c-af093657ef44","403c8f6b-b092-47f6-88e1-4db717783a9e","88716cff-31b0-412a-a8a4-2deb2c18c8ca","eebd3238-dccd-4387-88d5-1253f84412fb","298e2ec0-a747-4525-93c0-8db4385fadcf"],"settings":{"announcement_used":true,"announcement_text":"Summer sale for all swim suits - off 50%","top_button_text":"Shop Now","top_button_url":"shopify:\/\/collections\/all","header_logo":"shopify:\/\/shop_images\/logo_59eb71e5-8350-4f48-9133-ad999714f844.png","main_menu":true,"main_menu_linklist":"midoo-main-menu","top_currency":true,"top_language":true}},"1620744345a1d5e9f2":{"type":"home-double-floating-banner","settings":{"has_container":false,"floating_side":"right","image_1":"shopify:\/\/shop_images\/banner-2_96076f8f-b333-4d75-a4b8-b1afff4672d9.png","image_2":"shopify:\/\/shop_images\/banner-1_aa606ea1-0ae4-451f-a57e-4fd9f7200b31.png","title":"2021 <br> Collection <br> now on sale!","sub_title":"Check now!","button_text":"Shop now","fs_title":5.5,"fs_subtitle":2.2,"featured_products_used":false,"featured_products_collection":"","mt_lg":18,"pt_lg":0,"mb_lg":0,"pb_lg":5,"mt":5,"pt":0,"mb":0,"pb":0}},"1620751664a129fd1e":{"type":"home-triple-floating-banner","settings":{"has_container":true,"image_1":"shopify:\/\/shop_images\/banner-3_26eab014-7fce-4588-aa7a-be38fbd7b146.png","title_1":"Leaf Collection","sub_title_1":"Bestsellers","button_url_1":"shopify:\/\/collections\/all","image_2":"shopify:\/\/shop_images\/banner-5_5ff775e1-44e1-4b1c-8c72-639be5245874.png","title_2":"Old style in a new edition","sub_title_2":"","image_3":"shopify:\/\/shop_images\/banner-4_9abff460-460e-4d4d-bf37-d9b043ca2c71.png","title_3":"Glamour","sub_title_3":"New Arrival","mt_lg":19,"pt_lg":0,"mb_lg":0,"pb_lg":0,"mt":5,"pt":0,"mb":0,"pb":0}},"1620783424b292782e":{"type":"home-products-list","settings":{"has_container":true,"title":"Top 3 this week!","items_limit":3,"items_per_row":3,"collection":"bestsellers","has_bottom_separate":false,"mt_lg":20,"pt_lg":4,"mb_lg":0,"pb_lg":0,"mt":5,"pt":0,"mb":0,"pb":0}},"1620784334374b7ada":{"type":"home-double-floating-banner","settings":{"has_container":false,"floating_side":"left","image_1":"shopify:\/\/shop_images\/banner-6_746d22c3-bccc-47ea-bb87-915b3461d14b.png","image_2":"shopify:\/\/shop_images\/banner-7_1c82145d-ae26-4842-ad2f-162c05cd509b.png","title":"The best <br>accessories<br> of 2021","sub_title":"Now at a special price!","button_text":"Shop now","button_url":"shopify:\/\/collections\/all","fs_title":5.5,"fs_subtitle":2.2,"featured_products_used":false,"featured_products_collection":"","mt_lg":18,"pt_lg":0,"mb_lg":0,"pb_lg":5,"mt":5,"pt":0,"mb":0,"pb":0}},"1620791189d87735ab":{"type":"home-newsletter","settings":{"has_container":false,"color":"black","color_bg":"#ffffff","title":"Join our newsletter and bew always on time with news!","sub_title":"","description":"...and get $20 for your  first order","has_top_separate":false,"has_bottom_separate":false,"separator_for_dark":false,"mt_lg":18,"pt_lg":0,"mb_lg":0,"pb_lg":18,"mt":5,"pt":0,"mb":0,"pb":0}},"footer-1":{"type":"footer-1","settings":{"menu_1":true,"menu_linklist_1":"","menu_title_show_1":false,"menu_2":true,"menu_linklist_2":"","menu_title_show_2":false,"menu_3":true,"menu_linklist_3":"","menu_title_show_3":false,"newsletter":true,"newsletter_action":"","newsletter_heading":"Newsletter","newsletter_desc":"","social_icons":true,"contact_phone":"","contact_email":"","copyright":"Fastor eCommerce &copy; 2021. All Rights Reserved"}},"footer-2":{"type":"footer-2","blocks":{"1d1c6d68-1b62-4f4a-bf22-b24417180ad5":{"type":"menu","settings":{"menu_linklist":"men-1","custom_heading":""}},"b618832d-cef3-41e1-b156-3428474167ae":{"type":"menu","settings":{"menu_linklist":"women-1","custom_heading":""}},"4fed5e09-e152-49da-8e9e-f031dccea4ea":{"type":"menu","settings":{"menu_linklist":"women","custom_heading":""}}},"block_order":["1d1c6d68-1b62-4f4a-bf22-b24417180ad5","b618832d-cef3-41e1-b156-3428474167ae","4fed5e09-e152-49da-8e9e-f031dccea4ea"],"settings":{"color":"black","color_bg":"light","contact_phone":"(+800) 1234 5678 90","contact_email":"info@company.com","social_icons":true,"image_payments":"shopify:\/\/shop_images\/payments.png","copyright":"Copyright © 2021, Your Store. All Rights Reserved.","menus_border_top":false,"menus_border_bottom":true,"mt_lg":5,"pt_lg":5,"pb_lg":0,"mt":5,"pt":5,"pb":0}},"product-simple-template":{"type":"product-simple-template","settings":{"product_fullwidth":false,"show_sku":true,"show_vendor":true,"show_stock":true,"show_quantity_selector":true,"enable_payment_button":true,"show_share_buttons":true,"thumbnails_position":"left","media_size":"medium","enable_image_zoom":true,"shipping_info":"","enable_video_looping":true,"featured_products_enable":false,"featured_products_heading":"New Arrivals","featured_products":"bestsellers","show_stock_countdown":true,"stock_countdown_highlight_color":"#d9121f","show_stock_countdown_fake":true,"stock_countdown_fake_from":10,"stock_countdown_fake_to":40,"show_total_sold":true,"total_sold_qty_min":5,"total_sold_qty_max":20,"total_sold_time_min":4,"total_sold_time_max":24,"product_promotions":true,"product_promotion_icon_1":"<svg width=\"10\" height=\"8\" viewbox=\"0 0 10 8\" fill=\"none\" xmlns=\"http:\/\/www.w3.org\/2000\/svg\">\n<path fill-rule=\"evenodd\" clip-rule=\"evenodd\" d=\"M9.94175 1.35057L3.53528 7.75704L0 4.20939L1.35293 2.86118L3.53764 5.05353L8.59118 0L9.94175 1.35057Z\"><\/path>\n<\/svg>","product_promotion_text_1":"Study history up to 30 days","product_promotion_icon_2":"<svg width=\"10\" height=\"8\" viewbox=\"0 0 10 8\" fill=\"none\" xmlns=\"http:\/\/www.w3.org\/2000\/svg\">\n<path fill-rule=\"evenodd\" clip-rule=\"evenodd\" d=\"M9.94175 1.35057L3.53528 7.75704L0 4.20939L1.35293 2.86118L3.53764 5.05353L8.59118 0L9.94175 1.35057Z\"><\/path>\n<\/svg>","product_promotion_text_2":"Up to 5 users simultaneously","product_promotion_icon_3":"<svg width=\"10\" height=\"8\" viewbox=\"0 0 10 8\" fill=\"none\" xmlns=\"http:\/\/www.w3.org\/2000\/svg\">\n<path fill-rule=\"evenodd\" clip-rule=\"evenodd\" d=\"M9.94175 1.35057L3.53528 7.75704L0 4.20939L1.35293 2.86118L3.53764 5.05353L8.59118 0L9.94175 1.35057Z\"><\/path>\n<\/svg>","product_promotion_text_3":"Has HEALTH certificate","product_promotion_icon_4":"","product_promotion_text_4":"","product_images":false,"product_image_1":"shopify:\/\/shop_images\/p-image-1.png","product_image_2":"shopify:\/\/shop_images\/p-image-2.png","product_image_3":"shopify:\/\/shop_images\/p-image-3.png","product_image_4":"shopify:\/\/shop_images\/p-image-4.png","product_image_5":"shopify:\/\/shop_images\/p-image-5.png"}},"collection-promotion-template":{"type":"collection-promotion-template","blocks":{"8b3d0630-4a9e-410d-926b-337756d0f805":{"type":"cats_list","settings":{"cat_list_heading":"All Categories","cat_list_linklist":"categories-sidebar"}},"5341b37b-57f1-4274-9f80-c4cbd11f0600":{"type":"filter","settings":{"title":"Brand","tags":"Apple,SamSung,Blackberry,Ford,Gaming,Houzz,HumbleBubble,iHeartRadio,Ikea,Dyson,Dell,Logitech","swatch_color":false}},"7f31aecb-c257-480e-8e77-f43553781a95":{"type":"filter","settings":{"title":"Size","tags":"Small,Medium,Large,Extra Large","swatch_color":false}}},"block_order":["8b3d0630-4a9e-410d-926b-337756d0f805","5341b37b-57f1-4274-9f80-c4cbd11f0600","7f31aecb-c257-480e-8e77-f43553781a95"],"settings":{"collection_image":false,"layout":"grid-4","limit":"12","show_collection_image":true,"banner_top":true,"banner_image":"shopify:\/\/shop_images\/collection-promo-1_fc8ad9e3-f75a-4ea6-9ebd-40e7caa709a1.png","banner_title":"The latest casual<br> collection is now<br>  available","banner_description":"Don’t miss!","banner_button_text":"Shop now","banner_button_url":"shopify:\/\/collections\/all","banner_content_hori_align":"left","banner_content_vert_align":"y-50","banner_color_text":"white","two_banners":true,"banner_image_1":"shopify:\/\/shop_images\/banner_-_red.png","banner_title_1":"Always<br>\ntrendy red","banner_description_1":"Bestsellers","banner_button_text_1":"Shop now","banner_button_url_1":"shopify:\/\/collections\/all","banner_content_hori_align_1":"left","banner_content_vert_align_1":"y-50","banner_color_text_1":"black","banner_image_2":"shopify:\/\/shop_images\/banner_-_blue.png","banner_title_2":"Color of<br>\nthe year","banner_description_2":"New Arrival","banner_button_text_2":"Shop now","banner_content_hori_align_2":"left","banner_content_vert_align_2":"y-50","banner_color_text_2":"black","featured_collection_heading":"New Arrivals in Women","featured_collection":"store-8-new-arrivals","featured_collection_items_visible":4,"featured_collection_items_limit":4,"sale_collection_heading":"Best deals of the week in Women","sale_collection":"best-deals-of-the-week-in-women","sale_collection_items_visible":3,"sale_collection_items_limit":3,"sort_enable":true,"tags_enable":true}}},"content_for_index":["1613971549cb042f22","1620744345a1d5e9f2","1620751664a129fd1e","1619413590d195d62f","1620784334374b7ada","1620783424b292782e","1619455274a70d7089","161945431862b2c7f4","1620791189d87735ab"]}}