{"sections":{"page_content":{"type":"page-template-contact2","blocks":{"07b1faa1-ab8a-441e-b637-41718bc52fc3":{"type":"store","settings":{"name":"Illinois","address":"2972 Westheimer  <br>\nRd. Santa Ana,  <br>\nIllinois 85486","working_time":"Monday - Friday: 9:00-20:00<br>\nSaturday: 11:00 - 15:00","phone":"0020 500 - 0900 - 000","email":"info@company.com"}},"0c284bd1-135f-4e03-8633-5ca0325183c7":{"type":"store","settings":{"name":"Delaware","address":"6391 Elgin <br>\nSt. Celina, <br>\nDelaware 10299","working_time":"Monday - Friday: 9:00-20:00<br>\nSaturday: 11:00 - 15:00","phone":"(406) 555-0120","email":"info@company.com"}},"7200a30e-5ec3-4215-9678-120010cdadca":{"type":"store","settings":{"name":"Hawaii","address":"1901 Thornridge  <br>\nCir. Shiloh,  <br>\nHawaii 81063","working_time":"Monday - Friday: 9:00-20:00<br>\nSaturday: 11:00 - 15:00","phone":"(480) 555-0103","email":"info@company.com"}},"b351fbb6-89d6-4371-8112-dd680d5130c4":{"type":"store","settings":{"name":"New Mexico","address":"4140 Parker  <br>\nRd. Allentown,  <br>\nNew Mexico 31134","working_time":"Monday - Friday: 9:00-20:00<br>\nSaturday: 11:00 - 15:00","phone":"(+800) 1234 5678 90","email":"info@company.com"}}},"block_order":["07b1faa1-ab8a-441e-b637-41718bc52fc3","0c284bd1-135f-4e03-8633-5ca0325183c7","7200a30e-5ec3-4215-9678-120010cdadca","b351fbb6-89d6-4371-8112-dd680d5130c4"],"settings":{"contact_heading":"Looking for our local store?","contact_subheading":"Click on locatoin below to set the road on Google Map","image":"shopify:\/\/shop_images\/contact-store.png","info_heading":"Headquater","info_address":"2972 Westheimer<br>  Rd. Santa Ana,<br>   Illinois 85486","info_phone":"(+800) 1234 5678 90","info_support_email":"(+800) 1234 5678 90","social_links":true,"map":"<iframe src=\"https:\/\/www.google.com\/maps\/embed?pb=!1m18!1m12!1m3!1d3168.7447225135934!2d-122.09883048488443!3d37.419508279825585!2m3!1f0!2f0!3f0!3m2!1i1024!2i768!4f13.1!3m3!1m2!1s0x808fbb6fa5c601d9%3A0x282331437f7bc7b!2s1600%20Amphitheatre%20Pkwy%2C%20Mountain%20View%2C%20CA%2094043%2C%20USA!5e0!3m2!1sen!2s!4v1611058321480!5m2!1sen!2s\" width=\"100%\" height=\"450\" frameborder=\"0\" style=\"border:0;\" allowfullscreen=\"\" aria-hidden=\"false\" tabindex=\"0\"><\/iframe>"}}},"order":["page_content"]}