{"sections":{"collection-promotion-template":{"type":"collection-template-promotion","blocks":{"8b3d0630-4a9e-410d-926b-337756d0f805":{"type":"cat_list","settings":{"cat_list_heading":"All Categories","cat_list_linklist":"categories-sidebar"}},"5341b37b-57f1-4274-9f80-c4cbd11f0600":{"type":"filters","settings":{"swatch_color":true}}},"block_order":["8b3d0630-4a9e-410d-926b-337756d0f805","5341b37b-57f1-4274-9f80-c4cbd11f0600"],"settings":{"layout":"grid-4","limit":"12","show_collection_image":false,"banner_top":true,"banner_image":"shopify:\/\/shop_images\/collection-promo-1_fc8ad9e3-f75a-4ea6-9ebd-40e7caa709a1.png","banner_title":"The latest casual<br> collection is now<br>  available","banner_description":"Don’t miss!","banner_button_text":"Shop now","banner_button_url":"shopify:\/\/collections\/all","banner_content_hori_align":"left","banner_content_vert_align":"y-50","banner_color_text":"white","featured_collection_heading":"New Arrivals in Women","featured_collection":"store-8-new-arrivals","featured_collection_items_visible":4,"featured_collection_items_limit":4,"two_banners":true,"banner_image_1":"shopify:\/\/shop_images\/banner_-_red.png","banner_title_1":"Always<br>\ntrendy red","banner_description_1":"Bestsellers","banner_button_text_1":"Shop now","banner_button_url_1":"shopify:\/\/collections\/all","banner_content_hori_align_1":"left","banner_content_vert_align_1":"y-50","banner_color_text_1":"black","banner_image_2":"shopify:\/\/shop_images\/banner_-_blue.png","banner_title_2":"Color of<br>\nthe year","banner_description_2":"New Arrival","banner_button_text_2":"Shop now","banner_content_hori_align_2":"left","banner_content_vert_align_2":"y-50","banner_color_text_2":"black","sale_collection_heading":"Best deals of the week in Women","sale_collection":"best-deals-of-the-week-in-women","sale_collection_items_visible":3,"sale_collection_items_limit":3,"sort_enable":true}}},"order":["collection-promotion-template"]}