{"sections":{"161945431862b2c7f4":{"type":"home-benefits","blocks":{"161945431862b2c7f4-0":{"type":"benefit","settings":{"svg_html":"<svg width=\"16\" height=\"16\" viewbox=\"0 0 16 16\" fill=\"none\" xmlns=\"http:\/\/www.w3.org\/2000\/svg\">\n<path d=\"M4.18007 13.0933C4.88331 13.0933 5.4534 12.5232 5.4534 11.82C5.4534 11.1167 4.88331 10.5466 4.18007 10.5466C3.47683 10.5466 2.90674 11.1167 2.90674 11.82C2.90674 12.5232 3.47683 13.0933 4.18007 13.0933Z\" stroke=\"#191919\" stroke-width=\"1.5\" stroke-miterlimit=\"10\"><\/path>\n<path d=\"M11.8202 13.0933C12.5235 13.0933 13.0935 12.5232 13.0935 11.82C13.0935 11.1167 12.5235 10.5466 11.8202 10.5466C11.117 10.5466 10.5469 11.1167 10.5469 11.82C10.5469 12.5232 11.117 13.0933 11.8202 13.0933Z\" stroke=\"#191919\" stroke-width=\"1.5\" stroke-miterlimit=\"10\"><\/path>\n<path d=\"M2.90667 11.8201H1V2.90674H12.4533V5.4534L13.7267 8.00007L15 8.7134V11.8201H13.0933\" stroke=\"#191919\" stroke-width=\"1.5\" stroke-miterlimit=\"10\"><\/path>\n<path d=\"M10.5465 11.8199H5.45312\" stroke=\"#191919\" stroke-width=\"1.5\" stroke-miterlimit=\"10\"><\/path>\n<path d=\"M13.7267 8.00004H9.90674V5.45337H12.4534\" stroke=\"#191919\" stroke-width=\"1.5\" stroke-miterlimit=\"10\"><\/path>\n<\/svg>","title":"","description":"Free delivery"}},"161945431862b2c7f4-1":{"type":"benefit","settings":{"svg_html":"<svg width=\"16\" height=\"16\" viewbox=\"0 0 16 16\" fill=\"none\" xmlns=\"http:\/\/www.w3.org\/2000\/svg\">\n<path d=\"M12.4533 1H3.54667L1 5.45333V15H15V5.45333L12.4533 1Z\" stroke=\"#191919\" stroke-width=\"1.5\" stroke-miterlimit=\"10\"><\/path>\n<path d=\"M2.90674 12.4534H5.4534\" stroke=\"#191919\" stroke-width=\"1.5\" stroke-miterlimit=\"10\"><\/path>\n<path d=\"M8 1V8\" stroke=\"#191919\" stroke-width=\"1.5\" stroke-miterlimit=\"10\"><\/path>\n<path d=\"M1 5.45337H15\" stroke=\"#191919\" stroke-width=\"1.5\" stroke-miterlimit=\"10\"><\/path>\n<\/svg>","title":"","description":"Non-contact shipping"}},"161945431862b2c7f4-2":{"type":"benefit","settings":{"svg_html":"<svg width=\"16\" height=\"16\" viewbox=\"0 0 16 16\" fill=\"none\" xmlns=\"http:\/\/www.w3.org\/2000\/svg\">\n<path d=\"M13.7269 1V4.82H2.90689C2.41983 4.79121 1.96217 4.57744 1.62751 4.22241C1.29284 3.86738 1.10645 3.3979 1.10645 2.91C1.10645 2.4221 1.29284 1.95262 1.62751 1.59759C1.96217 1.24256 2.41983 1.02879 2.90689 1H13.7269Z\" stroke=\"#191919\" stroke-width=\"1.5\" stroke-miterlimit=\"10\" stroke-linecap=\"square\"><\/path>\n<path d=\"M12.4535 8.66663H15.0002V11.2133H12.4535C12.1158 11.2133 11.7919 11.0791 11.5531 10.8403C11.3143 10.6015 11.1802 10.2777 11.1802 9.93996C11.1802 9.60225 11.3143 9.27837 11.5531 9.03958C11.7919 8.80078 12.1158 8.66663 12.4535 8.66663Z\" stroke=\"#191919\" stroke-width=\"1.5\" stroke-miterlimit=\"10\" stroke-linecap=\"square\"><\/path>\n<path d=\"M15 4.82007V15.0001H2.27334C1.93618 14.9983 1.61332 14.8636 1.3749 14.6252C1.13648 14.3868 1.00176 14.0639 1.00001 13.7267V2.90674C0.999134 3.15769 1.0478 3.40634 1.14323 3.63844C1.23866 3.87053 1.37896 4.08151 1.5561 4.25927C1.73324 4.43702 1.94372 4.57806 2.17549 4.6743C2.40725 4.77054 2.65573 4.82007 2.90668 4.82007H15Z\" stroke=\"#191919\" stroke-width=\"1.5\" stroke-miterlimit=\"10\" stroke-linecap=\"square\"><\/path>\n<\/svg>","title":"","description":"Money back guarantee"}},"161945431862b2c7f4-3":{"type":"benefit","settings":{"svg_html":"<svg width=\"16\" height=\"16\" viewbox=\"0 0 16 16\" fill=\"none\" xmlns=\"http:\/\/www.w3.org\/2000\/svg\">\n<path d=\"M7.99997 15C6.2051 14.6423 4.5897 13.6735 3.42885 12.2586C2.268 10.8437 1.63347 9.07017 1.6333 7.24V2.27333L7.99997 1L14.3666 2.27333V7.24C14.3665 9.07017 13.7319 10.8437 12.5711 12.2586C11.4102 13.6735 9.79484 14.6423 7.99997 15V15Z\" stroke=\"#191919\" stroke-width=\"1.5\" stroke-miterlimit=\"10\"><\/path>\n<path d=\"M4.82031 7.28669L7.20698 9.67336L11.1803 5.69336\" stroke=\"#191919\" stroke-width=\"1.5\" stroke-miterlimit=\"10\"><\/path>\n<\/svg>","title":"","description":"Secure payments"}}},"block_order":["161945431862b2c7f4-0","161945431862b2c7f4-1","161945431862b2c7f4-2","161945431862b2c7f4-3"],"settings":{"type":"1","has_container":true,"has_top_separate":true,"has_bottom_separate":true,"no_gutter":false,"items_per_row":4,"mt_lg":9,"pt_lg":0,"mb_lg":0,"pb_lg":10,"mt":5,"pt":0,"mb":0,"pb":0}},"1619455274a70d7089":{"type":"home-images-feed","blocks":{"1619455274a70d7089-0":{"type":"image","settings":{"image":"shopify:\/\/shop_images\/ins-1.png","url":"#"}},"1619455274a70d7089-1":{"type":"image","settings":{"image":"shopify:\/\/shop_images\/ins-2.png","url":"#"}},"1619455274a70d7089-2":{"type":"image","settings":{"image":"shopify:\/\/shop_images\/ins-3.png","url":"#"}},"1619455274a70d7089-3":{"type":"image","settings":{"image":"shopify:\/\/shop_images\/ins-4.png","url":"#"}},"1619455274a70d7089-4":{"type":"image","settings":{"image":"shopify:\/\/shop_images\/ins-5.png","url":"#"}}},"block_order":["1619455274a70d7089-0","1619455274a70d7089-1","1619455274a70d7089-2","1619455274a70d7089-3","1619455274a70d7089-4"],"settings":{"has_container":true,"title":"Express yourself with #fastor <br>on instagram","sub_title_text":"Follow Us on Instagram","mt_lg":18,"pt_lg":0,"mb_lg":0,"pb_lg":0,"mt":5,"pt":0,"mb":0,"pb":0}},"1620791189d87735ab":{"type":"home-newsletter","settings":{"has_container":false,"color":"white","color_bg":"#222222","title":"Join our newsletter and bew always on time with news!","sub_title":"","description":"...and get $20 for your  first order","has_top_separate":false,"has_bottom_separate":true,"separator_for_dark":true,"mt_lg":18,"pt_lg":18,"mb_lg":0,"pb_lg":12,"mt":5,"pt":5,"mb":0,"pb":5}},"1620798169dde26408":{"type":"home-banners","blocks":{"1620798169dde26408-0":{"type":"banner_1","settings":{"width_destop":"6","width_tablet":"12","width_mobile":"12","image":"shopify:\/\/shop_images\/banner-1_474ea6dd-9c29-49f7-a6c2-f8a7cd1aa7f0.png","title":"Naughty <br> boy!","sub_title":"","button_url":"shopify:\/\/collections\/all","content_hori_align":"x-left pl-8","content_vert_align":"y-top pt-8","fs_title":4,"fs_subtitle":2.5,"color_text":"white"}},"1620798169dde26408-1":{"type":"banner_1","settings":{"width_destop":"6","width_tablet":"12","width_mobile":"12","image":"shopify:\/\/shop_images\/banner-2_937b10af-ae39-450b-bdab-32da57ae2b8c.png","title":"Street<br> style","sub_title":"","button_url":"shopify:\/\/collections\/all","content_hori_align":"x-left pl-8","content_vert_align":"y-top pt-8","fs_title":4,"fs_subtitle":2.5,"color_text":"white"}},"5fe5dc6f-26b2-4581-8bcc-063bb140ad16":{"type":"banner_3","settings":{"width_destop":"12","width_tablet":"12","width_mobile":"12","color_bg":"#ffeeef","title":"Up to 15% discount on your first purchase!","description":"Use discount code in checkout to get the discount.","button_text":"FREE15FIRST","fs_title":3.5,"fs_description":2,"color_text":"primary"}}},"block_order":["1620798169dde26408-0","1620798169dde26408-1","5fe5dc6f-26b2-4581-8bcc-063bb140ad16"],"settings":{"has_container":true,"no_gutter":false,"mt_lg":8,"pt_lg":0,"mb_lg":0,"pb_lg":0,"mt":5,"pt":0,"mb":0,"pb":0}},"162079965124c8780d":{"type":"home-video-banner","settings":{"has_container":true,"type":"floating","video_url":"https:\/\/www.youtube.com\/watch?v=HidKu1w7msY","image_bg":"shopify:\/\/shop_images\/banner-7_03cc223f-0928-4f0b-b1d4-2fb0c34f01d3.png","title":"A team of designers<br> that make dreams<br> come true","sub_title":"","description":"Unique clothes for everyone!","button_text":"Read more","button_url":"shopify:\/\/collections\/all","fs_title":5.5,"fs_description":2.2,"mt_lg":18,"pt_lg":0,"mb_lg":0,"pb_lg":0,"mt":5,"pt":0,"mb":0,"pb":0}},"1620806919e3172d9b":{"type":"home-slideshow-floating","blocks":{"1620806919e3172d9b-0":{"type":"slide_image_left","settings":{"color_bg":"#f2f2f2","image":"shopify:\/\/shop_images\/slide1_c242df42-22a0-48bf-993c-2884cf50bc72.png","title":"Street fashion \n<br>not only for\n<br> the street","color_title":"black","description":"New collections!","color_description":"dark","button_text":"Shop now","button_url":"shopify:\/\/collections\/all"}},"2f7eddd5-3f34-4cc4-b46e-efdd2b99394b":{"type":"slide_image_left","settings":{"color_bg":"#f2f2f2","image":"shopify:\/\/shop_images\/slide2_ca71e82e-e579-448b-b557-372a74aea268.png","title":"The best\n<br> accessories\n<br>of 2021","color_title":"black","description":"New collections!","color_description":"dark","button_text":"Shop now","button_url":"shopify:\/\/collections\/all"}},"9f6b8685-cc1f-47b0-af2d-bef2a6b783e2":{"type":"slide_image_left","settings":{"color_bg":"#f2f2f2","image":"shopify:\/\/shop_images\/slide3_8d16c8b2-71b1-485a-a20a-1f0f3db893d0.png","title":"Be ready\n<br> for the next\n<br>summer!","color_title":"black","description":"New collections!","color_description":"dark","button_text":"Shop now","button_url":"shopify:\/\/collections\/all"}}},"block_order":["1620806919e3172d9b-0","2f7eddd5-3f34-4cc4-b46e-efdd2b99394b","9f6b8685-cc1f-47b0-af2d-bef2a6b783e2"],"settings":{"has_container":false,"mt_lg":0,"pt_lg":0,"mb_lg":0,"pb_lg":10,"mt":0,"pt":0,"mb":0,"pb":5}},"1620811097dfb6993d":{"type":"home-circle-categories-list","blocks":{"1620811097dfb6993d-0":{"type":"category","settings":{"collection":"bestsellers","bk_image":"shopify:\/\/shop_images\/cat-1.png","bk_title":"Women"}},"1620811097dfb6993d-1":{"type":"category","settings":{"collection":"bestsellers","bk_image":"shopify:\/\/shop_images\/cat-2.png","bk_title":"Men"}},"1620811097dfb6993d-2":{"type":"category","settings":{"collection":"bestsellers","bk_image":"shopify:\/\/shop_images\/cat-3.png","bk_title":"Shoes"}},"1620811097dfb6993d-3":{"type":"category","settings":{"collection":"bestsellers","bk_image":"shopify:\/\/shop_images\/cat-4.png","bk_title":"Bags"}},"215874d8-7877-471c-80f4-c2dde5ebc90a":{"type":"category","settings":{"collection":"bestsellers","bk_image":"shopify:\/\/shop_images\/cat-5.png","bk_title":"Glasses"}},"a9a7d9ce-4a67-4bc2-ae21-a07a353343f0":{"type":"category","settings":{"collection":"bestsellers","bk_image":"shopify:\/\/shop_images\/cat-6.png","bk_title":"Jewelry"}}},"block_order":["1620811097dfb6993d-0","1620811097dfb6993d-1","1620811097dfb6993d-2","1620811097dfb6993d-3","215874d8-7877-471c-80f4-c2dde5ebc90a","a9a7d9ce-4a67-4bc2-ae21-a07a353343f0"],"settings":{"title":"","has_container":true,"items_visible":6,"mt_lg":7,"pt_lg":0,"mb_lg":0,"pb_lg":10,"mt":5,"pt":0,"mb":0,"pb":0}},"1620875969be284ee5":{"type":"home-double-floating-banner","settings":{"has_container":true,"floating_side":"right","image_1":"shopify:\/\/shop_images\/banner-3_9f450e86-4d36-422d-b2bf-36391412f1bd.png","image_2":"shopify:\/\/shop_images\/banner-4_e8c7b780-0eb0-4b7d-aff1-3fb5e17a6c49.png","title":"2021 Collection<br>now on sale","sub_title":"Check now!","button_text":"Shop now","fs_title":5.5,"fs_subtitle":2.2,"featured_products_used":true,"featured_products_collection":"bestsellers","mt_lg":18,"pt_lg":0,"mb_lg":0,"pb_lg":0,"mt":5,"pt":0,"mb":0,"pb":0}},"162090748428ee0572":{"type":"home-double-floating-banner","settings":{"has_container":true,"floating_side":"left","image_1":"shopify:\/\/shop_images\/banner-5_f2c940e9-c0b0-41bd-8932-804215503122.png","image_2":"shopify:\/\/shop_images\/banner-6_b8c3d327-209a-4f60-96c0-66bfa8016780.png","title":"The best<br>accessories of 2021!","sub_title":"Now at a special price!","button_text":"Shop now","button_url":"shopify:\/\/collections\/all","fs_title":5.5,"fs_subtitle":2.2,"featured_products_used":true,"featured_products_collection":"store5-the-best-accessories","mt_lg":20,"pt_lg":4,"mb_lg":0,"pb_lg":0,"mt":5,"pt":0,"mb":0,"pb":0}},"1620925154285b2eb0":{"type":"home-products-tabs","blocks":{"1620925154285b2eb0-0":{"type":"collection","settings":{"title":"Bestsellers","collection":"store-5-bestseller","visible_items":4,"limit":4}},"1620925154285b2eb0-1":{"type":"collection","settings":{"title":"Featured","collection":"store-5-featured","visible_items":4,"limit":4}},"1620925154285b2eb0-2":{"type":"collection","settings":{"title":"Special","collection":"bestsellers","visible_items":4,"limit":4}}},"block_order":["1620925154285b2eb0-0","1620925154285b2eb0-1","1620925154285b2eb0-2"],"settings":{"has_container":true,"mt_lg":15,"pt_lg":0,"mb_lg":0,"pb_lg":0,"mt":5,"pt":0,"mb":0,"pb":0}},"16209683401fb5051c":{"type":"home-articles-list","blocks":{"ba291c74-c6eb-46cb-a754-a53973d0ae6a":{"type":"article","settings":{"article_id":"news\/the-best-ways-to-change-your-summer-wardrobe-into-autumn-wardrobe","custom_image":"shopify:\/\/shop_images\/blog-1_b9df1a7f-7804-49ec-910d-9a35c5165648.png"}}},"block_order":["ba291c74-c6eb-46cb-a754-a53973d0ae6a"],"settings":{"has_container":true,"has_separate":true,"title":"","items_visible":1,"item_type":"landscape","mt_lg":20,"pt_lg":4,"mb_lg":0,"pb_lg":0,"mt":5,"pt":0,"mb":0,"pb":0}}},"order":["1620806919e3172d9b","1620811097dfb6993d","1620798169dde26408","1620875969be284ee5","162090748428ee0572","1620925154285b2eb0","161945431862b2c7f4","162079965124c8780d","16209683401fb5051c","1619455274a70d7089","1620791189d87735ab"]}