{"sections":{"1620972091f5a355dd":{"type":"home-slideshow","blocks":{"4928d014-9497-4bbc-85d1-a630186814cf":{"type":"slide_video","settings":{"color_bg":"#999da4","video_url":"https:\/\/cdn.shopify.com\/s\/files\/1\/0020\/7483\/7110\/files\/production_ID_4722907_1.mp4?v=1621668110","title":"Add video slider<br>in your store!","upper_sub_title":"","color_title":"white","fs_title":6,"description":"More eye catching","color_description":"white","fs_description":2.5,"button_text":"Shop now","button_url":"shopify:\/\/collections\/all","content_hori_align":"left"}}},"block_order":["4928d014-9497-4bbc-85d1-a630186814cf"],"settings":{"has_container":false,"mt_lg":0,"pt_lg":0,"mb_lg":0,"pb_lg":0,"mt":0,"pt":0,"mb":0,"pb":0}},"1620973246c74aca01":{"type":"home-products-list","settings":{"has_container":true,"title":"New Arrivals","items_limit":4,"items_per_row":4,"collection":"store-7-bestsellers","has_bottom_separate":false,"mt_lg":18,"pt_lg":0,"mb_lg":0,"pb_lg":0,"mt":5,"pt":0,"mb":0,"pb":0}},"16209762583086212b":{"type":"home-products-tabs","blocks":{"1620976258d71aade5-0":{"type":"collection","settings":{"title":"Bestsellers","collection":"store-7-bestsellers","visible_items":4,"limit":4}},"1620976258d71aade5-1":{"type":"collection","settings":{"title":"Featured","collection":"bestsellers","visible_items":4,"limit":4}},"1620976258d71aade5-2":{"type":"collection","settings":{"title":"Special","collection":"store-7-bestsellers","visible_items":4,"limit":4}}},"block_order":["1620976258d71aade5-0","1620976258d71aade5-1","1620976258d71aade5-2"],"settings":{"has_container":true,"mt_lg":8,"pt_lg":0,"mb_lg":0,"pb_lg":0,"mt":5,"pt":0,"mb":0,"pb":0}},"162098007160f001f1":{"type":"home-products-list","settings":{"has_container":true,"title":"Featuerd products","items_limit":8,"items_per_row":4,"collection":"bestsellers","has_bottom_separate":false,"mt_lg":18,"pt_lg":0,"mb_lg":0,"pb_lg":0,"mt":5,"pt":0,"mb":0,"pb":0}},"1620982155a5cf1c1c":{"type":"home-video-banner","settings":{"has_container":true,"type":"default","video_url":"https:\/\/www.youtube.com\/watch?v=HidKu1w7msY","image_bg":"shopify:\/\/shop_images\/banner-2_9dee4cd3-1d3f-457b-b6a8-0d4e93f7d77b.png","title":"A team of designers<br> that make dreams<br> come true","sub_title":"","description":"Unique clothes for everyone!","button_text":"Read more","button_url":"shopify:\/\/collections\/all","fs_title":5.5,"fs_description":2.2,"mt_lg":18,"pt_lg":0,"mb_lg":0,"pb_lg":0,"mt":5,"pt":0,"mb":0,"pb":0}},"16209823909e3ec576":{"type":"home-banners","blocks":{"16209823909e3ec576-0":{"type":"banner_1","settings":{"width_destop":"6","width_tablet":"12","width_mobile":"12","image":"shopify:\/\/shop_images\/banner-3_b5d7bfc4-d3c0-4563-88e6-8e43d674e06b.png","title":"Naughty<br>boy!","sub_title":"","button_url":"shopify:\/\/collections\/all","content_hori_align":"x-left pl-8","content_vert_align":"y-top pt-8","fs_title":3.5,"fs_subtitle":2.5,"color_text":"white"}},"16209823909e3ec576-1":{"type":"banner_1","settings":{"width_destop":"6","width_tablet":"12","width_mobile":"12","image":"shopify:\/\/shop_images\/banner-4_763df8c6-daa8-476a-bc08-c491d9f1de58.png","title":"Street<br>style","sub_title":"","button_url":"shopify:\/\/collections\/all","content_hori_align":"x-left pl-8","content_vert_align":"y-top pt-8","fs_title":3.5,"fs_subtitle":2.5,"color_text":"white"}}},"block_order":["16209823909e3ec576-0","16209823909e3ec576-1"],"settings":{"has_container":true,"no_gutter":false,"mt_lg":10,"pt_lg":0,"mb_lg":0,"pb_lg":0,"mt":5,"pt":0,"mb":0,"pb":0}},"16209828413c7f09bc":{"type":"home-newsletter","settings":{"has_container":false,"color":"white","image_bg":"shopify:\/\/shop_images\/banner-7_25a479c9-de7b-42ab-953a-0c02bf1f39e0.png","color_bg":"#cccccc","title":"Join our newsletter and bew always on time with news!","sub_title":"","description":"...and get 20$ for your first order","has_top_separate":false,"has_bottom_separate":false,"separator_for_dark":false,"mt_lg":8,"pt_lg":16,"mb_lg":0,"pb_lg":16,"mt":5,"pt":5,"mb":0,"pb":5}},"1621063726721a5a61":{"type":"home-parallax-banner","settings":{"has_container":true,"content_hori_align":"left","video":"https:\/\/cdn.shopify.com\/s\/files\/1\/0020\/7483\/7110\/files\/production_ID_5156186_1.mp4?v=1621666825","color_bg":"#44352d","title":"Parallax with <br>another video","description":"More eye catching","button_text":"Shop now","button_url":"shopify:\/\/collections\/all","fs_title":6,"fs_description":2.5,"color_text":"white","mt_lg":12,"pt_lg":20,"mb_lg":0,"pb_lg":20,"mt":5,"pt":10,"mb":0,"pb":10}},"1621063907df45d722":{"type":"home-slideshow","blocks":{"932fa60a-501f-4e92-b9f2-8cd14379cb82":{"type":"slide_video","settings":{"color_bg":"#999da4","video_url":"https:\/\/cdn.shopify.com\/s\/files\/1\/0020\/7483\/7110\/files\/pexels-gabby-k-5384673_1.mp4?v=1621667235","title":"Add video<br>in custom size<br>box!","upper_sub_title":"","color_title":"white","fs_title":6,"description":"New collections!","color_description":"white","fs_description":2.5,"button_text":"Shop now","button_url":"shopify:\/\/collections\/all","content_hori_align":"left"}}},"block_order":["932fa60a-501f-4e92-b9f2-8cd14379cb82"],"settings":{"has_container":true,"mt_lg":0,"pt_lg":0,"mb_lg":0,"pb_lg":0,"mt":0,"pt":0,"mb":0,"pb":0}}},"order":["1620972091f5a355dd","1620982155a5cf1c1c","1620973246c74aca01","16209823909e3ec576","1621063726721a5a61","162098007160f001f1","1621063907df45d722","16209762583086212b","16209828413c7f09bc"]}