{"sections":{"page_content":{"type":"page-template-about","blocks":{"fea100c5-2f91-4a58-851b-bb09dff59220":{"type":"text_benefits","settings":{"heading":"Tailored clothes available as in chain stores.","subheading":"These settings don’t provide big changes but only some small css changes in spaces or borders for example.","description":"Because we have many types of elements we created Live Editor for you so you can see live changes.","svg_html1":"<svg width=\"24\" height=\"24\" viewbox=\"0 0 24 24\" fill=\"none\" xmlns=\"http:\/\/www.w3.org\/2000\/svg\">\n<path d=\"M6.27011 19.6403C7.32497 19.6403 8.18011 18.7852 8.18011 17.7303C8.18011 16.6754 7.32497 15.8203 6.27011 15.8203C5.21524 15.8203 4.36011 16.6754 4.36011 17.7303C4.36011 18.7852 5.21524 19.6403 6.27011 19.6403Z\" stroke=\"#191919\" stroke-width=\"1.5\" stroke-miterlimit=\"10\"><\/path>\n<path d=\"M17.7301 19.6403C18.7849 19.6403 19.6401 18.7852 19.6401 17.7303C19.6401 16.6754 18.7849 15.8203 17.7301 15.8203C16.6752 15.8203 15.8201 16.6754 15.8201 17.7303C15.8201 18.7852 16.6752 19.6403 17.7301 19.6403Z\" stroke=\"#191919\" stroke-width=\"1.5\" stroke-miterlimit=\"10\"><\/path>\n<path d=\"M4.36 17.7294H1.5V4.35938H18.68V8.17937L20.59 11.9994L22.5 13.0694V17.7294H19.64\" stroke=\"#191919\" stroke-width=\"1.5\" stroke-miterlimit=\"10\"><\/path>\n<path d=\"M15.8199 17.7305H8.17993\" stroke=\"#191919\" stroke-width=\"1.5\" stroke-miterlimit=\"10\"><\/path>\n<path d=\"M20.5901 11.9997H14.8601V8.17969H18.6801\" stroke=\"#191919\" stroke-width=\"1.5\" stroke-miterlimit=\"10\"><\/path>\n<\/svg>","title1":"","description1":"Free delivery","svg_html2":"<svg width=\"24\" height=\"24\" viewbox=\"0 0 24 24\" fill=\"none\" xmlns=\"http:\/\/www.w3.org\/2000\/svg\">\n<path d=\"M18.68 1.5H5.32L1.5 8.18V22.5H22.5V8.18L18.68 1.5Z\" stroke=\"#191919\" stroke-width=\"1.5\" stroke-miterlimit=\"10\"><\/path>\n<path d=\"M4.36011 18.6797H8.18011\" stroke=\"#191919\" stroke-width=\"1.5\" stroke-miterlimit=\"10\"><\/path>\n<path d=\"M12 1.5V12\" stroke=\"#191919\" stroke-width=\"1.5\" stroke-miterlimit=\"10\"><\/path>\n<path d=\"M1.5 8.17969H22.5\" stroke=\"#191919\" stroke-width=\"1.5\" stroke-miterlimit=\"10\"><\/path>\n<\/svg>","title2":"","description2":"Non-contact shipping","svg_html3":"<svg width=\"24\" height=\"24\" viewbox=\"0 0 24 24\" fill=\"none\" xmlns=\"http:\/\/www.w3.org\/2000\/svg\">\n<path d=\"M20.5901 1.5V7.23H4.36009C3.6295 7.18682 2.94302 6.86617 2.44102 6.33362C1.93901 5.80107 1.65942 5.09686 1.65942 4.365C1.65942 3.63314 1.93901 2.92893 2.44102 2.39638C2.94302 1.86383 3.6295 1.54318 4.36009 1.5H20.5901Z\" stroke=\"#191919\" stroke-width=\"1.5\" stroke-miterlimit=\"10\" stroke-linecap=\"square\"><\/path>\n<path d=\"M18.68 13H22.5V16.82H18.68C18.1735 16.82 17.6876 16.6188 17.3294 16.2606C16.9713 15.9024 16.77 15.4166 16.77 14.91C16.77 14.4034 16.9713 13.9176 17.3294 13.5594C17.6876 13.2012 18.1735 13 18.68 13Z\" stroke=\"#191919\" stroke-width=\"1.5\" stroke-miterlimit=\"10\" stroke-linecap=\"square\"><\/path>\n<path d=\"M22.5 7.22937V22.4994H3.41002C2.90426 22.4967 2.41997 22.2947 2.06235 21.937C1.70472 21.5794 1.50264 21.0951 1.50002 20.5894V4.35938C1.4987 4.7358 1.57171 5.10877 1.71485 5.45692C1.85798 5.80507 2.06844 6.12153 2.33415 6.38817C2.59985 6.6548 2.91558 6.86636 3.26323 7.01072C3.61087 7.15507 3.98359 7.22938 4.36002 7.22937H22.5Z\" stroke=\"#191919\" stroke-width=\"1.5\" stroke-miterlimit=\"10\" stroke-linecap=\"square\"><\/path>\n<\/svg>","title3":"","description3":"Money-back quarantee"}},"c7344bb7-64f3-4ab9-aeec-a8cb03a44c16":{"type":"video","settings":{"video_url":"https:\/\/www.youtube.com\/watch?v=HidKu1w7msY&t=3s","image_bg":"shopify:\/\/shop_images\/Zrzut_ekranu_2020-09-24_o_19.22_1_820x354_2x_40fe9c3e-d4f7-4fb7-b59a-fd4bcfa09d1a.png","title":"A team of designers<br> that make dreams<br> come true","sub_title":"","description":"Unique clothes for everyone!"}},"626b62da-8f21-4d7a-8091-7451f278cec4":{"type":"text_blocks","settings":{"title1":"Duis condimentum, ipsum vel<br> tristique ullamcorper, ante<br> nibh luctus nulla, vel ultrices<br> lectus risus eu enim.","description1":"<p>Mauris eu turpis semper nunc eleifend vestibulum molestie vel velit. Vivamus posuere aliquam mi quis vulputate. Integer volutpat efficitur tellus vel tempus. <\/p>\n<p>Nam sit amet lorem id massa sagittis pretium non nec enim. Vestibulum libero enim, pretium sed tortor a, scelerisque commodo turpis. Aliquam vulputate odio non sapien egestas fringilla. <\/p>\n<ul class=\"pl-0 list-style-none\">\n\n<li>\n<svg width=\"10\" height=\"8\" viewbox=\"0 0 10 8\" fill=\"none\" xmlns=\"http:\/\/www.w3.org\/2000\/svg\">\n<path fill-rule=\"evenodd\" clip-rule=\"evenodd\" d=\"M9.94175 1.35057L3.53528 7.75704L0 4.20939L1.35293 2.86118L3.53764 5.05353L8.59118 0L9.94175 1.35057Z\" fill=\"#D9121F\"><\/path>\n<\/svg>\nVivamus et quam purus. <\/li>\n<li>\n<svg width=\"10\" height=\"8\" viewbox=\"0 0 10 8\" fill=\"none\" xmlns=\"http:\/\/www.w3.org\/2000\/svg\">\n<path fill-rule=\"evenodd\" clip-rule=\"evenodd\" d=\"M9.94175 1.35057L3.53528 7.75704L0 4.20939L1.35293 2.86118L3.53764 5.05353L8.59118 0L9.94175 1.35057Z\" fill=\"#D9121F\"><\/path>\n<\/svg>\nDonec vitae commodo mauris, id pharetra dui. <\/li>\n<li>\n<svg width=\"10\" height=\"8\" viewbox=\"0 0 10 8\" fill=\"none\" xmlns=\"http:\/\/www.w3.org\/2000\/svg\">\n<path fill-rule=\"evenodd\" clip-rule=\"evenodd\" d=\"M9.94175 1.35057L3.53528 7.75704L0 4.20939L1.35293 2.86118L3.53764 5.05353L8.59118 0L9.94175 1.35057Z\" fill=\"#D9121F\"><\/path>\n<\/svg>\nAenean tristique commodo gravida. <\/li>\n<\/ul>","title2":"Orci varius natoque<br> penatibus et magnis dis<br> parturient montes, nascetur<br> ridiculus mus.","description2":"<p>Mauris eu turpis semper nunc eleifend vestibulum molestie vel velit. Vivamus posuere aliquam mi quis vulputate. Integer volutpat efficitur tellus vel tempus. <\/p>\n<p>Nam sit amet lorem id massa sagittis pretium non nec enim. Vestibulum libero enim, pretium sed tortor a, scelerisque commodo turpis. Aliquam vulputate odio non sapien egestas fringilla. <\/p>\n<ul class=\"pl-0 list-style-none\">\n\n<li>\n<svg width=\"10\" height=\"8\" viewbox=\"0 0 10 8\" fill=\"none\" xmlns=\"http:\/\/www.w3.org\/2000\/svg\">\n<path fill-rule=\"evenodd\" clip-rule=\"evenodd\" d=\"M9.94175 1.35057L3.53528 7.75704L0 4.20939L1.35293 2.86118L3.53764 5.05353L8.59118 0L9.94175 1.35057Z\" fill=\"#D9121F\"><\/path>\n<\/svg>\nVivamus et quam purus. <\/li>\n<li>\n<svg width=\"10\" height=\"8\" viewbox=\"0 0 10 8\" fill=\"none\" xmlns=\"http:\/\/www.w3.org\/2000\/svg\">\n<path fill-rule=\"evenodd\" clip-rule=\"evenodd\" d=\"M9.94175 1.35057L3.53528 7.75704L0 4.20939L1.35293 2.86118L3.53764 5.05353L8.59118 0L9.94175 1.35057Z\" fill=\"#D9121F\"><\/path>\n<\/svg>\nDonec vitae commodo mauris, id pharetra dui. <\/li>\n<li>\n<svg width=\"10\" height=\"8\" viewbox=\"0 0 10 8\" fill=\"none\" xmlns=\"http:\/\/www.w3.org\/2000\/svg\">\n<path fill-rule=\"evenodd\" clip-rule=\"evenodd\" d=\"M9.94175 1.35057L3.53528 7.75704L0 4.20939L1.35293 2.86118L3.53764 5.05353L8.59118 0L9.94175 1.35057Z\" fill=\"#D9121F\"><\/path>\n<\/svg>\nAenean tristique commodo gravida. <\/li>\n<\/ul>"}},"a863f652-74d9-42b7-8403-5b0b13f4e697":{"type":"parallax_video","settings":{"content_hori_align":"left","video":"https:\/\/cdn.shopify.com\/s\/files\/1\/0020\/7483\/7110\/files\/production_ID_5156186_1.mp4?v=1621666825","image":"shopify:\/\/shop_images\/about-banner_4712e8ad-2e74-4925-b25e-c50504282a16.png","color_bg":"#44352d","title":"Parallax with\nanother video","description":"More eye catching","button_text":"Shop Now","fs_title":6,"fs_description":2.5,"color_text":"white","mt_lg":8,"pt_lg":20,"mb_lg":0,"pb_lg":20,"mt":5,"pt":5,"mb":0,"pb":5}},"5d96b2d0-7156-4b0e-bc57-45dc164d79da":{"type":"promotions","settings":{"heading":"Aliquam viverra tellus a urna<br> facilisis bibendum.","svg_html1":"<svg width=\"48\" height=\"48\" viewbox=\"0 0 48 48\" fill=\"none\" xmlns=\"http:\/\/www.w3.org\/2000\/svg\">\n<path d=\"M12.5402 39.2806C14.6499 39.2806 16.3602 37.5704 16.3602 35.4606C16.3602 33.3509 14.6499 31.6406 12.5402 31.6406C10.4305 31.6406 8.72021 33.3509 8.72021 35.4606C8.72021 37.5704 10.4305 39.2806 12.5402 39.2806Z\" stroke=\"#191919\" stroke-width=\"2\" stroke-miterlimit=\"10\"><\/path>\n<path d=\"M35.4601 39.2806C37.5699 39.2806 39.2801 37.5704 39.2801 35.4606C39.2801 33.3509 37.5699 31.6406 35.4601 31.6406C33.3504 31.6406 31.6401 33.3509 31.6401 35.4606C31.6401 37.5704 33.3504 39.2806 35.4601 39.2806Z\" stroke=\"#191919\" stroke-width=\"2\" stroke-miterlimit=\"10\"><\/path>\n<path d=\"M8.72 35.4587H3V8.71875H37.36V16.3588L41.18 23.9987L45 26.1387V35.4587H39.28\" stroke=\"#191919\" stroke-width=\"2\" stroke-miterlimit=\"10\"><\/path>\n<path d=\"M31.6399 35.4609H16.3599\" stroke=\"#191919\" stroke-width=\"2\" stroke-miterlimit=\"10\"><\/path>\n<path d=\"M40.46 23.64H29V16H36.64\" stroke=\"#191919\" stroke-width=\"2\" stroke-miterlimit=\"10\"><\/path>\n<\/svg>","title1":"Phasellus maximus varius<br>erat sed molestie.","description1":"Cras mattis finibus justo eu condimentum. Ut id metus interdum, pretium tortor et, congue turpis. Sed condimentum gravida neque, eu ultrices diam consectetur nec.","svg_html2":"<svg width=\"48\" height=\"48\" viewbox=\"0 0 48 48\" fill=\"none\" xmlns=\"http:\/\/www.w3.org\/2000\/svg\">\n<path d=\"M37.36 3H10.64L3 16.36V45H45V16.36L37.36 3Z\" stroke=\"#191919\" stroke-width=\"2\" stroke-miterlimit=\"10\"><\/path>\n<path d=\"M8.72021 37.3594H16.3602\" stroke=\"#191919\" stroke-width=\"2\" stroke-miterlimit=\"10\"><\/path>\n<path d=\"M24 3V24\" stroke=\"#191919\" stroke-width=\"2\" stroke-miterlimit=\"10\"><\/path>\n<path d=\"M3 14H45\" stroke=\"#191919\" stroke-width=\"2\" stroke-miterlimit=\"10\"><\/path>\n<\/svg>","title2":"Aenean tristique <br>commodo gravida.","description2":"In hac habitasse platea dictumst. Sed venenatis tellus vitae dolor mattis mollis. Morbi nec placerat metus, ac aliquet felis. Suspendisse faucibus libero fringilla neque sagittis rutrum.","svg_html3":"<svg width=\"48\" height=\"48\" viewbox=\"0 0 48 48\" fill=\"none\" xmlns=\"http:\/\/www.w3.org\/2000\/svg\">\n<path d=\"M41.1802 3V14.46H8.72017C7.25901 14.3736 5.88604 13.7323 4.88203 12.6672C3.87803 11.6021 3.31885 10.1937 3.31885 8.73C3.31885 7.26629 3.87803 5.85787 4.88203 4.79277C5.88604 3.72767 7.25901 3.08636 8.72017 3H41.1802Z\" stroke=\"#191919\" stroke-width=\"2\" stroke-miterlimit=\"10\" stroke-linecap=\"square\"><\/path>\n<path d=\"M37.36 26H45V33.64H37.36C36.3469 33.64 35.3753 33.2375 34.6589 32.5211C33.9425 31.8048 33.54 30.8331 33.54 29.82C33.54 28.8069 33.9425 27.8352 34.6589 27.1189C35.3753 26.4025 36.3469 26 37.36 26Z\" stroke=\"#191919\" stroke-width=\"2\" stroke-miterlimit=\"10\" stroke-linecap=\"square\"><\/path>\n<path d=\"M45 14.4587V44.9987H6.82004C5.80853 44.9935 4.83995 44.5893 4.12469 43.8741C3.40944 43.1588 3.00529 42.1903 3.00003 41.1787V8.71875C2.9974 9.47159 3.14341 10.2175 3.42969 10.9138C3.71597 11.6101 4.13688 12.2431 4.6683 12.7763C5.19971 13.3096 5.83117 13.7327 6.52646 14.0214C7.22175 14.3101 7.96719 14.4588 8.72004 14.4587H45Z\" stroke=\"#191919\" stroke-width=\"2\" stroke-miterlimit=\"10\" stroke-linecap=\"square\"><\/path>\n<\/svg>","title3":"Phasellus ultrices rutrum<br>  ex ut tempus.","description3":"Nulla accumsan vel ex vitae luctus. Ut eros ante, molestie id mattis et, consequat a est. Maecenas ut eros nec nisl ultricies tempor vitae eget eros."}},"40f751e7-0f75-4a89-b630-796605687b7b":{"type":"banners","settings":{"image1":"shopify:\/\/shop_images\/about-banner-1.png","title1":"Street style<br> has its own<br>  rules","image2":"shopify:\/\/shop_images\/about-banner-2.png","title2":"Old style<br> in a new<br> edition","image3":"shopify:\/\/shop_images\/banner-article.png","title3":"A team of designers<br>  that make dreams<br> come true"}},"5d1fc265-d0b5-48c9-838b-cddc91119f8d":{"type":"blog","settings":{"heading":"The real stories <br> behind our brand.","blog":"news","visible_items":2,"limit":2}}},"block_order":["fea100c5-2f91-4a58-851b-bb09dff59220","c7344bb7-64f3-4ab9-aeec-a8cb03a44c16","626b62da-8f21-4d7a-8091-7451f278cec4","a863f652-74d9-42b7-8403-5b0b13f4e697","5d96b2d0-7156-4b0e-bc57-45dc164d79da","40f751e7-0f75-4a89-b630-796605687b7b","5d1fc265-d0b5-48c9-838b-cddc91119f8d"],"settings":{}}},"order":["page_content"]}