{"sections":{"product_template":{"type":"product-template-tabs--brief","blocks":{"vendor":{"type":"vendor","settings":{}},"title":{"type":"product_title","settings":{}},"review":{"type":"review","settings":{}},"inventory":{"type":"inventory","settings":{}},"countdown":{"type":"countdown","settings":{}},"price":{"type":"price","settings":{}},"stock_countdown":{"type":"stock_countdown","settings":{"show_stock_countdown":true,"show_total_sold":true}},"cart_action":{"type":"cart_action","settings":{"show_quantity_selector":true}},"utilities":{"type":"utilities","settings":{}},"social_share":{"type":"social_share","settings":{}}},"block_order":["vendor","title","review","inventory","countdown","price","stock_countdown","cart_action","utilities","social_share"],"settings":{"product_fullwidth":false,"thumbnails_position":"left","media_size":"medium","enable_image_zoom":true,"enable_video_looping":true}},"frequently_bought_together":{"type":"product-template-tabs--groupbuy","settings":{"has_separate":false}},"tabs":{"type":"product-template-tabs--tabs","blocks":{"description":{"type":"description","settings":{"product_promotion_icon_1":"<svg width=\"24\" height=\"24\" viewbox=\"0 0 24 24\" fill=\"none\" xmlns=\"http:\/\/www.w3.org\/2000\/svg\">\n<path d=\"M6.26998 19.6403C7.32485 19.6403 8.17998 18.7852 8.17998 17.7303C8.17998 16.6754 7.32485 15.8203 6.26998 15.8203C5.21512 15.8203 4.35999 16.6754 4.35999 17.7303C4.35999 18.7852 5.21512 19.6403 6.26998 19.6403Z\" stroke=\"#191919\" stroke-width=\"1.5\" stroke-miterlimit=\"10\"><\/path>\n<path d=\"M17.73 19.6403C18.7849 19.6403 19.64 18.7852 19.64 17.7303C19.64 16.6754 18.7849 15.8203 17.73 15.8203C16.6751 15.8203 15.82 16.6754 15.82 17.7303C15.82 18.7852 16.6751 19.6403 17.73 19.6403Z\" stroke=\"#191919\" stroke-width=\"1.5\" stroke-miterlimit=\"10\"><\/path>\n<path d=\"M4.36 17.7303H1.5V4.36035H18.68V8.18035L20.59 12.0004L22.5 13.0704V17.7303H19.64\" stroke=\"#191919\" stroke-width=\"1.5\" stroke-miterlimit=\"10\"><\/path>\n<path d=\"M15.82 17.7305H8.17999\" stroke=\"#191919\" stroke-width=\"1.5\" stroke-miterlimit=\"10\"><\/path>\n<path d=\"M20.59 11.9997H14.86V8.17969H18.68\" stroke=\"#191919\" stroke-width=\"1.5\" stroke-miterlimit=\"10\"><\/path>\n<\/svg>","product_promotion_text_1":"Free delivery","product_promotion_icon_2":"<svg width=\"24\" height=\"24\" viewbox=\"0 0 24 24\" fill=\"none\" xmlns=\"http:\/\/www.w3.org\/2000\/svg\">\n<path d=\"M18.68 1.5H5.32L1.5 8.18V22.5H22.5V8.18L18.68 1.5Z\" stroke=\"#191919\" stroke-width=\"1.5\" stroke-miterlimit=\"10\"><\/path>\n<path d=\"M4.35999 18.6797H8.17998\" stroke=\"#191919\" stroke-width=\"1.5\" stroke-miterlimit=\"10\"><\/path>\n<path d=\"M12 1.5V12\" stroke=\"#191919\" stroke-width=\"1.5\" stroke-miterlimit=\"10\"><\/path>\n<path d=\"M1.5 8.17969H22.5\" stroke=\"#191919\" stroke-width=\"1.5\" stroke-miterlimit=\"10\"><\/path>\n<\/svg>","product_promotion_text_2":"Non-contact shipping","product_promotion_icon_3":"<svg width=\"24\" height=\"24\" viewbox=\"0 0 24 24\" fill=\"none\" xmlns=\"http:\/\/www.w3.org\/2000\/svg\">\n<path d=\"M20.59 1.5V7.23H4.36003C3.62944 7.18682 2.94296 6.86617 2.44095 6.33362C1.93895 5.80107 1.65936 5.09686 1.65936 4.365C1.65936 3.63314 1.93895 2.92893 2.44095 2.39638C2.94296 1.86383 3.62944 1.54318 4.36003 1.5H20.59Z\" stroke=\"#191919\" stroke-width=\"1.5\" stroke-miterlimit=\"10\" stroke-linecap=\"square\"><\/path>\n<path d=\"M18.68 13H22.5V16.82H18.68C18.1735 16.82 17.6876 16.6188 17.3294 16.2606C16.9713 15.9024 16.77 15.4166 16.77 14.91C16.77 14.4034 16.9713 13.9176 17.3294 13.5594C17.6876 13.2012 18.1735 13 18.68 13Z\" stroke=\"#191919\" stroke-width=\"1.5\" stroke-miterlimit=\"10\" stroke-linecap=\"square\"><\/path>\n<path d=\"M22.5 7.23035V22.5004H3.41002C2.90426 22.4977 2.41997 22.2956 2.06235 21.938C1.70472 21.5804 1.50264 21.0961 1.50002 20.5904V4.36035C1.4987 4.73677 1.57171 5.10975 1.71485 5.4579C1.85798 5.80604 2.06844 6.12251 2.33415 6.38914C2.59985 6.65578 2.91558 6.86734 3.26323 7.01169C3.61087 7.15605 3.98359 7.23035 4.36002 7.23035H22.5Z\" stroke=\"#191919\" stroke-width=\"1.5\" stroke-miterlimit=\"10\" stroke-linecap=\"square\"><\/path>\n<\/svg>","product_promotion_text_3":"Money-back quarantee","product_promotion_icon_4":"<svg width=\"24\" height=\"24\" viewbox=\"0 0 24 24\" fill=\"none\" xmlns=\"http:\/\/www.w3.org\/2000\/svg\">\n<path d=\"M12 22.5C9.3077 21.9634 6.88461 20.5103 5.14333 18.3879C3.40206 16.2656 2.45026 13.6053 2.45001 10.86V3.41L12 1.5L21.55 3.41V10.86C21.5498 13.6053 20.598 16.2656 18.8567 18.3879C17.1154 20.5103 14.6923 21.9634 12 22.5V22.5Z\" stroke=\"#191919\" stroke-width=\"1.5\" stroke-miterlimit=\"10\"><\/path>\n<path d=\"M7.22998 10.93L10.81 14.51L16.77 8.54004\" stroke=\"#191919\" stroke-width=\"1.5\" stroke-miterlimit=\"10\"><\/path>\n<\/svg>","product_promotion_text_4":"Secure payments"}},"review":{"type":"review","settings":{}},"gallery":{"type":"gallery","settings":{"gallery_title":"Gallery","product_image_1":"shopify:\/\/shop_images\/p-image-1.png","product_image_2":"shopify:\/\/shop_images\/p-image-2.png","product_image_3":"shopify:\/\/shop_images\/p-image-3.png","product_image_4":"shopify:\/\/shop_images\/p-image-4.png","product_image_5":"shopify:\/\/shop_images\/p-image-5.png"}},"sizechart":{"type":"custom","settings":{"tab_title":"Size chart","tab_content":"size-chart"}},"custom_tab":{"type":"custom","settings":{"tab_title":"Custom Tab","tab_content":"sample-1"}}},"block_order":["description","review","gallery","sizechart","custom_tab"],"settings":{}},"featured_products":{"type":"home-products-carousel","settings":{"has_separate":false,"title":"New Arrivals","collection":"bestsellers"}}},"order":["product_template","frequently_bought_together","tabs","featured_products"]}