{"sections":{"collection_template":{"type":"collection-template","blocks":{"c74c9e84-8e85-4e05-9d89-9af208f9162d":{"type":"cat_list","disabled":true,"settings":{"cat_list_heading":"All Categories","cat_list_linklist":"categories-sidebar"}},"b2cdd02d-d7bf-40bc-82da-1c75995c7d62":{"type":"filters","disabled":true,"settings":{"swatch_color":true}},"f0734f26-af33-4c12-807d-55feeb45a3a9":{"type":"featured_products","disabled":true,"settings":{"featured_heading":"Our featured","featured_collection":"bestsellers"}}},"block_order":["c74c9e84-8e85-4e05-9d89-9af208f9162d","b2cdd02d-d7bf-40bc-82da-1c75995c7d62","f0734f26-af33-4c12-807d-55feeb45a3a9"],"settings":{"collection_fullwidth":false,"layout":"grid-4","limit":"12","pagination":"","show_collection_image":true,"show_title":true,"sort_enable":true}},"banner":{"type":"home-banners","blocks":{"f7df2aad-03e6-4bda-9570-733f8afd816e":{"type":"banner_2","settings":{"width_destop":"12","width_tablet":"12","width_mobile":"12","image":"shopify:\/\/shop_images\/banner_-_street_style.png","title":"Street style<br>\nhas its own rules","description":"Create any content in your store","button_text":"Shop now","button_url":"","content_hori_align":"left","content_vert_align":"y-50","fs_title":5.5,"fs_description":2.5,"color_text":"white"}}},"block_order":["f7df2aad-03e6-4bda-9570-733f8afd816e"],"settings":{"has_container":true,"no_gutter":false,"mt_lg":0,"pt_lg":0,"mb_lg":0,"pb_lg":0,"mt":5,"pt":0,"mb":0,"pb":0}}},"order":["collection_template","banner"]}