{"sections":{"1619455274a70d7089":{"type":"home-images-feed","blocks":{"1619455274a70d7089-0":{"type":"image","settings":{"image":"shopify:\/\/shop_images\/ins-1.png","url":"#"}},"1619455274a70d7089-1":{"type":"image","settings":{"image":"shopify:\/\/shop_images\/ins-2.png","url":"#"}},"1619455274a70d7089-2":{"type":"image","settings":{"image":"shopify:\/\/shop_images\/ins-3.png","url":"#"}},"1619455274a70d7089-3":{"type":"image","settings":{"image":"shopify:\/\/shop_images\/ins-4.png","url":"#"}},"1619455274a70d7089-4":{"type":"image","settings":{"image":"shopify:\/\/shop_images\/ins-5.png","url":"#"}}},"block_order":["1619455274a70d7089-0","1619455274a70d7089-1","1619455274a70d7089-2","1619455274a70d7089-3","1619455274a70d7089-4"],"settings":{"has_container":true,"title":"Express yourself with #fastor <br>on instagram","sub_title_text":"Follow Us on Instagram","mt_lg":14,"pt_lg":0,"mb_lg":0,"pb_lg":0,"mt":5,"pt":0,"mb":0,"pb":0}},"1620972091f5a355dd":{"type":"home-slideshow","blocks":{"1620972091f5a355dd-0":{"type":"slide_image_left","settings":{"color_bg":"#999da4","image":"shopify:\/\/shop_images\/slide1_59fb75d6-820e-4ce7-9176-beb1af26da3d.png","title":"Street fashion \n<br>not only for\n<br>the street","color_title":"black","fs_title":8,"description":"New collections!","color_description":"black","fs_description":2,"button_text":"Shop now","button_url":"shopify:\/\/collections\/all"}},"70ddf9ba-b90f-459b-bef5-ba94ad202bfe":{"type":"slide_image_left","settings":{"color_bg":"#999da4","image":"shopify:\/\/shop_images\/slide2_254b2157-a551-4df8-bddc-b828cea4ad0c.png","title":"Big patterns are\n<br> back in fashion!","color_title":"black","fs_title":8,"description":"New collections!","color_description":"black","fs_description":2,"button_text":"Shop now","button_url":"shopify:\/\/collections"}},"ea3b7fc9-6a20-41aa-a04b-164f590281b6":{"type":"slide_image_left","settings":{"color_bg":"#999da4","image":"shopify:\/\/shop_images\/slide3_67b7d668-2347-41a0-9d11-8ad64e396630.png","title":"The best\n<br>accessories\n<br> of 2020","color_title":"black","fs_title":8,"description":"New collections!","color_description":"black","fs_description":2,"button_text":"Shop now","button_url":"shopify:\/\/collections\/all"}}},"block_order":["1620972091f5a355dd-0","70ddf9ba-b90f-459b-bef5-ba94ad202bfe","ea3b7fc9-6a20-41aa-a04b-164f590281b6"],"settings":{"has_container":false,"mt_lg":0,"pt_lg":0,"mb_lg":0,"pb_lg":0,"mt":0,"pt":0,"mb":0,"pb":0}},"16209726781c6a29a4":{"type":"home-banners-2cols","blocks":{"162097267705689a7d-0":{"type":"banner_1","settings":{"position":"col_1","width_destop":"12","width_tablet":"12","image":"shopify:\/\/shop_images\/banner-1_9603ad2e-8b60-40b1-93ff-311a305520b6.png","title":"Women","sub_title":"","button_url":"shopify:\/\/collections\/all","content_hori_align":"x-left pl-8","content_vert_align":"y-top pt-8","fs_title":3.5,"fs_subtitle":2.5,"color_text":"black"}},"162097267705689a7d-1":{"type":"banner_1","settings":{"position":"col_2","width_destop":"12","width_tablet":"12","image":"shopify:\/\/shop_images\/banner-2_7bc406ed-9484-4921-94c6-3109b45b5779.png","title":"Men","sub_title":"","button_url":"shopify:\/\/collections\/all","content_hori_align":"x-left pl-8","content_vert_align":"y-top pt-8","fs_title":3.5,"fs_subtitle":2.5,"color_text":"black"}},"162097267705689a7d-2":{"type":"banner_1","settings":{"position":"col_2","width_destop":"6","width_tablet":"12","image":"shopify:\/\/shop_images\/banner-3_dbf2fd48-d868-490f-95bf-8d3403a3d35f.png","title":"Accessories","sub_title":"","button_url":"shopify:\/\/collections\/all","content_hori_align":"x-left pl-8","content_vert_align":"y-top pt-8","fs_title":3.5,"fs_subtitle":2.5,"color_text":"black"}},"2af3a7d4-ee36-458d-a41b-54870fb23641":{"type":"banner_1","settings":{"position":"col_2","width_destop":"6","width_tablet":"6","image":"shopify:\/\/shop_images\/banner-4_dbffe8e5-936e-4dbe-91d4-4a12eba63778.png","title":"Shoes","sub_title":"","button_url":"shopify:\/\/collections\/all","content_hori_align":"x-left pl-8","content_vert_align":"y-top pt-8","fs_title":3.5,"fs_subtitle":2.5,"color_text":"black"}}},"block_order":["162097267705689a7d-0","162097267705689a7d-1","162097267705689a7d-2","2af3a7d4-ee36-458d-a41b-54870fb23641"],"settings":{"has_container":true,"no_gutter":false,"mt_lg":6,"pt_lg":0,"mb_lg":0,"pb_lg":0,"mt":5,"pt":0,"mb":0,"pb":0}},"1620973246c74aca01":{"type":"home-products-list","settings":{"has_container":true,"title":"New Arrivals","items_limit":8,"items_per_row":4,"collection":"bestsellers","mt_lg":12,"pt_lg":0,"mb_lg":0,"pb_lg":0,"mt":5,"pt":0,"mb":0,"pb":0}},"1620973394eb79730a":{"type":"home-banners","blocks":{"1620973394eb79730a-0":{"type":"banner_1","settings":{"width_destop":"6","width_tablet":"12","width_mobile":"12","image":"shopify:\/\/shop_images\/banner-5_c961d06b-7c64-4c7d-ada2-444b4a01c3e9.png","title":"Naughty<br>boy!","sub_title":"","button_url":"shopify:\/\/collections\/all","content_hori_align":"x-left pl-8","content_vert_align":"y-top pt-8","fs_title":3.5,"fs_subtitle":2.5,"color_text":"white"}},"1620973394eb79730a-1":{"type":"banner_1","settings":{"width_destop":"6","width_tablet":"12","width_mobile":"12","image":"shopify:\/\/shop_images\/banner-6_344fd49d-f6ff-4ffb-adc1-eb0e2a6108c7.png","title":"Street<br>style","sub_title":"","button_url":"shopify:\/\/collections","content_hori_align":"x-left pl-8","content_vert_align":"y-top pt-8","fs_title":3.5,"fs_subtitle":2.5,"color_text":"white"}}},"block_order":["1620973394eb79730a-0","1620973394eb79730a-1"],"settings":{"has_container":true,"no_gutter":false,"mt_lg":10,"pt_lg":0,"mb_lg":0,"pb_lg":0,"mt":5,"pt":0,"mb":0,"pb":0}},"1620973651d53a3d0a":{"type":"home-products-list","settings":{"has_container":true,"title":"Featured Products","items_limit":8,"items_per_row":4,"collection":"store-5-featured","mt_lg":12,"pt_lg":0,"mb_lg":0,"pb_lg":0,"mt":5,"pt":0,"mb":0,"pb":0}},"16209739482bb37600":{"type":"home-articles-list","blocks":{"61e565c9-1b54-4cfb-9540-dc4ab5ec3bef":{"type":"article","settings":{"article_id":"news\/the-best-ways-to-change-your-summer-wardrobe-into-autumn-wardrobe","custom_image":"shopify:\/\/shop_images\/blog-1_4eed2604-998b-43ff-872d-874b4d5035b2.png"}},"fcb47af7-d70a-43bc-806d-590bf9460335":{"type":"article","settings":{"article_id":"news\/mens-fashion-in-leather","custom_image":"shopify:\/\/shop_images\/blog-2_2f8c7c27-2cf1-4972-ace0-35a88f13748b.png"}}},"block_order":["61e565c9-1b54-4cfb-9540-dc4ab5ec3bef","fcb47af7-d70a-43bc-806d-590bf9460335"],"settings":{"has_container":true,"has_separate":false,"title":"The real stories<br>behind our brand","items_visible":2,"item_type":"default","mt_lg":11,"pt_lg":0,"mb_lg":0,"pb_lg":0,"mt":5,"pt":0,"mb":0,"pb":0}},"1620974361499d2527":{"type":"home-benefits","blocks":{"1620974361499d2527-0":{"type":"benefit","settings":{"svg_html":"<svg width=\"24\" height=\"24\" viewbox=\"0 0 24 24\" fill=\"none\" xmlns=\"http:\/\/www.w3.org\/2000\/svg\">\n<path d=\"M6.26986 19.6398C7.32473 19.6398 8.17986 18.7847 8.17986 17.7298C8.17986 16.675 7.32473 15.8198 6.26986 15.8198C5.215 15.8198 4.35986 16.675 4.35986 17.7298C4.35986 18.7847 5.215 19.6398 6.26986 19.6398Z\" stroke=\"#191919\" stroke-width=\"1.5\" stroke-miterlimit=\"10\"><\/path>\n<path d=\"M17.7298 19.6398C18.7847 19.6398 19.6398 18.7847 19.6398 17.7298C19.6398 16.675 18.7847 15.8198 17.7298 15.8198C16.675 15.8198 15.8198 16.675 15.8198 17.7298C15.8198 18.7847 16.675 19.6398 17.7298 19.6398Z\" stroke=\"#191919\" stroke-width=\"1.5\" stroke-miterlimit=\"10\"><\/path>\n<path d=\"M4.36 17.7299H1.5V4.35986H18.68V8.17986L20.59 11.9999L22.5 13.0699V17.7299H19.64\" stroke=\"#191919\" stroke-width=\"1.5\" stroke-miterlimit=\"10\"><\/path>\n<path d=\"M15.8202 17.73H8.18018\" stroke=\"#191919\" stroke-width=\"1.5\" stroke-miterlimit=\"10\"><\/path>\n<path d=\"M20.5899 12.0002H14.8599V8.18018H18.6799\" stroke=\"#191919\" stroke-width=\"1.5\" stroke-miterlimit=\"10\"><\/path>\n<\/svg>","title":"","description":"Free delivery"}},"1620974361499d2527-1":{"type":"benefit","settings":{"svg_html":"<svg width=\"24\" height=\"24\" viewbox=\"0 0 24 24\" fill=\"none\" xmlns=\"http:\/\/www.w3.org\/2000\/svg\">\n<path d=\"M18.68 1.5H5.32L1.5 8.18V22.5H22.5V8.18L18.68 1.5Z\" stroke=\"#191919\" stroke-width=\"1.5\" stroke-miterlimit=\"10\"><\/path>\n<path d=\"M4.35986 18.6802H8.17986\" stroke=\"#191919\" stroke-width=\"1.5\" stroke-miterlimit=\"10\"><\/path>\n<path d=\"M12 1.5V12\" stroke=\"#191919\" stroke-width=\"1.5\" stroke-miterlimit=\"10\"><\/path>\n<path d=\"M1.5 8.18018H22.5\" stroke=\"#191919\" stroke-width=\"1.5\" stroke-miterlimit=\"10\"><\/path>\n<\/svg>","title":"","description":"Non-contact shipping"}},"1620974361499d2527-2":{"type":"benefit","settings":{"svg_html":"<svg width=\"24\" height=\"24\" viewbox=\"0 0 24 24\" fill=\"none\" xmlns=\"http:\/\/www.w3.org\/2000\/svg\">\n<path d=\"M20.5898 1.5V7.23H4.35984C3.62926 7.18682 2.94277 6.86617 2.44077 6.33362C1.93877 5.80107 1.65918 5.09686 1.65918 4.365C1.65918 3.63314 1.93877 2.92893 2.44077 2.39638C2.94277 1.86383 3.62926 1.54318 4.35984 1.5H20.5898Z\" stroke=\"#191919\" stroke-width=\"1.5\" stroke-miterlimit=\"10\" stroke-linecap=\"square\"><\/path>\n<path d=\"M18.68 13H22.5V16.82H18.68C18.1735 16.82 17.6876 16.6188 17.3294 16.2606C16.9713 15.9024 16.77 15.4166 16.77 14.91C16.77 14.4034 16.9713 13.9176 17.3294 13.5594C17.6876 13.2012 18.1735 13 18.68 13Z\" stroke=\"#191919\" stroke-width=\"1.5\" stroke-miterlimit=\"10\" stroke-linecap=\"square\"><\/path>\n<path d=\"M22.5 7.22986V22.4999H3.41002C2.90426 22.4972 2.41997 22.2952 2.06235 21.9375C1.70472 21.5799 1.50264 21.0956 1.50002 20.5899V4.35986C1.4987 4.73628 1.57171 5.10926 1.71485 5.45741C1.85798 5.80556 2.06844 6.12202 2.33415 6.38866C2.59985 6.65529 2.91558 6.86685 3.26323 7.01121C3.61087 7.15556 3.98359 7.22987 4.36002 7.22986H22.5Z\" stroke=\"#191919\" stroke-width=\"1.5\" stroke-miterlimit=\"10\" stroke-linecap=\"square\"><\/path>\n<\/svg>","title":"","description":"Money back guarantee"}},"1620974361499d2527-3":{"type":"benefit","settings":{"svg_html":"<svg width=\"24\" height=\"24\" viewbox=\"0 0 24 24\" fill=\"none\" xmlns=\"http:\/\/www.w3.org\/2000\/svg\">\n<path d=\"M12.0002 22.5C9.30789 21.9634 6.88479 20.5103 5.14352 18.3879C3.40224 16.2656 2.45044 13.6053 2.4502 10.86V3.41L12.0002 1.5L21.5502 3.41V10.86C21.5499 13.6053 20.5981 16.2656 18.8569 18.3879C17.1156 20.5103 14.6925 21.9634 12.0002 22.5V22.5Z\" stroke=\"#191919\" stroke-width=\"1.5\" stroke-miterlimit=\"10\"><\/path>\n<path d=\"M7.23047 10.93L10.8105 14.51L16.7705 8.54004\" stroke=\"#191919\" stroke-width=\"1.5\" stroke-miterlimit=\"10\"><\/path>\n<\/svg>","title":"","description":"Secure payments"}}},"block_order":["1620974361499d2527-0","1620974361499d2527-1","1620974361499d2527-2","1620974361499d2527-3"],"settings":{"type":"4","has_container":true,"has_top_separate":true,"has_bottom_separate":false,"no_gutter":true,"items_per_row":4,"mt_lg":14,"pt_lg":0,"mb_lg":0,"pb_lg":5,"mt":5,"pt":0,"mb":0,"pb":2}}},"order":["1620972091f5a355dd","16209726781c6a29a4","1620973246c74aca01","1620973394eb79730a","1620973651d53a3d0a","16209739482bb37600","1619455274a70d7089","1620974361499d2527"]}