{"sections":{"1613971549cb042f22":{"type":"home-slideshow","blocks":{"7ed233cc-ba80-4d2a-9581-d738a6322ca1":{"type":"slide_image_left","settings":{"color_bg":"#999da4","image":"shopify:\/\/shop_images\/slide1_3fd1abce-a756-4203-b67b-e47e7d9b7cdb.png","title":"The fall collection  \n<br>of dresses is now\n<br>available","color_title":"white","fs_title":8,"description":"New collections!","color_description":"white","fs_description":2,"button_text":"Shop now","button_url":"shopify:\/\/collections\/all"}},"4c3f0ca9-9eea-4e73-a86e-906a0d6a62ce":{"type":"slide_image_left","settings":{"color_bg":"#999da4","image":"shopify:\/\/shop_images\/slide2_9a881c42-9e22-40c1-a814-695596a2ac3a.png","title":"Be ready\n<br>for the next\n<br>summer!","color_title":"white","fs_title":8,"description":"New collections!","color_description":"white","fs_description":2,"button_text":"Shop now","button_url":"shopify:\/\/collections\/all"}},"7b9e7e5b-e50d-4a08-b916-0be9c262eaaa":{"type":"slide_image_left","settings":{"color_bg":"#999da4","image":"shopify:\/\/shop_images\/slide3_c2c39070-f618-456d-830f-f8771faa2376.png","title":"The best\n<br>accessories\n<br>of 2021!","color_title":"white","fs_title":8,"description":"Best Prices, latest models","color_description":"white","fs_description":2,"button_text":"Shop now","button_url":"shopify:\/\/collections\/all"}}},"block_order":["7ed233cc-ba80-4d2a-9581-d738a6322ca1","4c3f0ca9-9eea-4e73-a86e-906a0d6a62ce","7b9e7e5b-e50d-4a08-b916-0be9c262eaaa"],"settings":{"has_container":false,"mt_lg":0,"pt_lg":0,"mb_lg":0,"pb_lg":0,"mt":0,"pt":0,"mb":0,"pb":0}},"1619413590d195d62f":{"type":"home-products-list","settings":{"has_container":true,"title":"Featurerd products","items_limit":8,"items_per_row":4,"collection":"bestsellers","has_bottom_separate":false,"mt_lg":8,"pt_lg":0,"mb_lg":0,"pb_lg":0,"mt":5,"pt":0,"mb":0,"pb":0}},"161945431862b2c7f4":{"type":"home-benefits","blocks":{"161945431862b2c7f4-0":{"type":"benefit","settings":{"svg_html":"<svg width=\"16\" height=\"16\" viewbox=\"0 0 16 16\" fill=\"none\" xmlns=\"http:\/\/www.w3.org\/2000\/svg\">\n<path d=\"M4.18007 13.0933C4.88331 13.0933 5.4534 12.5232 5.4534 11.82C5.4534 11.1167 4.88331 10.5466 4.18007 10.5466C3.47683 10.5466 2.90674 11.1167 2.90674 11.82C2.90674 12.5232 3.47683 13.0933 4.18007 13.0933Z\" stroke=\"#191919\" stroke-width=\"1.5\" stroke-miterlimit=\"10\"><\/path>\n<path d=\"M11.8202 13.0933C12.5235 13.0933 13.0935 12.5232 13.0935 11.82C13.0935 11.1167 12.5235 10.5466 11.8202 10.5466C11.117 10.5466 10.5469 11.1167 10.5469 11.82C10.5469 12.5232 11.117 13.0933 11.8202 13.0933Z\" stroke=\"#191919\" stroke-width=\"1.5\" stroke-miterlimit=\"10\"><\/path>\n<path d=\"M2.90667 11.8201H1V2.90674H12.4533V5.4534L13.7267 8.00007L15 8.7134V11.8201H13.0933\" stroke=\"#191919\" stroke-width=\"1.5\" stroke-miterlimit=\"10\"><\/path>\n<path d=\"M10.5465 11.8199H5.45312\" stroke=\"#191919\" stroke-width=\"1.5\" stroke-miterlimit=\"10\"><\/path>\n<path d=\"M13.7267 8.00004H9.90674V5.45337H12.4534\" stroke=\"#191919\" stroke-width=\"1.5\" stroke-miterlimit=\"10\"><\/path>\n<\/svg>","title":"","description":"Free delivery"}},"161945431862b2c7f4-1":{"type":"benefit","settings":{"svg_html":"<svg width=\"16\" height=\"16\" viewbox=\"0 0 16 16\" fill=\"none\" xmlns=\"http:\/\/www.w3.org\/2000\/svg\">\n<path d=\"M12.4533 1H3.54667L1 5.45333V15H15V5.45333L12.4533 1Z\" stroke=\"#191919\" stroke-width=\"1.5\" stroke-miterlimit=\"10\"><\/path>\n<path d=\"M2.90674 12.4534H5.4534\" stroke=\"#191919\" stroke-width=\"1.5\" stroke-miterlimit=\"10\"><\/path>\n<path d=\"M8 1V8\" stroke=\"#191919\" stroke-width=\"1.5\" stroke-miterlimit=\"10\"><\/path>\n<path d=\"M1 5.45337H15\" stroke=\"#191919\" stroke-width=\"1.5\" stroke-miterlimit=\"10\"><\/path>\n<\/svg>","title":"","description":"Non-contact shipping"}},"161945431862b2c7f4-2":{"type":"benefit","settings":{"svg_html":"<svg width=\"16\" height=\"16\" viewbox=\"0 0 16 16\" fill=\"none\" xmlns=\"http:\/\/www.w3.org\/2000\/svg\">\n<path d=\"M13.7269 1V4.82H2.90689C2.41983 4.79121 1.96217 4.57744 1.62751 4.22241C1.29284 3.86738 1.10645 3.3979 1.10645 2.91C1.10645 2.4221 1.29284 1.95262 1.62751 1.59759C1.96217 1.24256 2.41983 1.02879 2.90689 1H13.7269Z\" stroke=\"#191919\" stroke-width=\"1.5\" stroke-miterlimit=\"10\" stroke-linecap=\"square\"><\/path>\n<path d=\"M12.4535 8.66663H15.0002V11.2133H12.4535C12.1158 11.2133 11.7919 11.0791 11.5531 10.8403C11.3143 10.6015 11.1802 10.2777 11.1802 9.93996C11.1802 9.60225 11.3143 9.27837 11.5531 9.03958C11.7919 8.80078 12.1158 8.66663 12.4535 8.66663Z\" stroke=\"#191919\" stroke-width=\"1.5\" stroke-miterlimit=\"10\" stroke-linecap=\"square\"><\/path>\n<path d=\"M15 4.82007V15.0001H2.27334C1.93618 14.9983 1.61332 14.8636 1.3749 14.6252C1.13648 14.3868 1.00176 14.0639 1.00001 13.7267V2.90674C0.999134 3.15769 1.0478 3.40634 1.14323 3.63844C1.23866 3.87053 1.37896 4.08151 1.5561 4.25927C1.73324 4.43702 1.94372 4.57806 2.17549 4.6743C2.40725 4.77054 2.65573 4.82007 2.90668 4.82007H15Z\" stroke=\"#191919\" stroke-width=\"1.5\" stroke-miterlimit=\"10\" stroke-linecap=\"square\"><\/path>\n<\/svg>","title":"","description":"Money back guarantee"}},"161945431862b2c7f4-3":{"type":"benefit","settings":{"svg_html":"<svg width=\"16\" height=\"16\" viewbox=\"0 0 16 16\" fill=\"none\" xmlns=\"http:\/\/www.w3.org\/2000\/svg\">\n<path d=\"M7.99997 15C6.2051 14.6423 4.5897 13.6735 3.42885 12.2586C2.268 10.8437 1.63347 9.07017 1.6333 7.24V2.27333L7.99997 1L14.3666 2.27333V7.24C14.3665 9.07017 13.7319 10.8437 12.5711 12.2586C11.4102 13.6735 9.79484 14.6423 7.99997 15V15Z\" stroke=\"#191919\" stroke-width=\"1.5\" stroke-miterlimit=\"10\"><\/path>\n<path d=\"M4.82031 7.28669L7.20698 9.67336L11.1803 5.69336\" stroke=\"#191919\" stroke-width=\"1.5\" stroke-miterlimit=\"10\"><\/path>\n<\/svg>","title":"","description":"Secure payments"}}},"block_order":["161945431862b2c7f4-0","161945431862b2c7f4-1","161945431862b2c7f4-2","161945431862b2c7f4-3"],"settings":{"type":"2","has_container":true,"has_top_separate":true,"has_bottom_separate":true,"no_gutter":false,"items_per_row":4,"mt_lg":2,"pt_lg":0,"mb_lg":0,"pb_lg":0,"mt":5,"pt":0,"mb":0,"pb":0}},"1619455274a70d7089":{"type":"home-images-feed","blocks":{"1619455274a70d7089-0":{"type":"image","settings":{"image":"shopify:\/\/shop_images\/ins-1.png","url":"#"}},"1619455274a70d7089-1":{"type":"image","settings":{"image":"shopify:\/\/shop_images\/ins-2.png","url":"#"}},"1619455274a70d7089-2":{"type":"image","settings":{"image":"shopify:\/\/shop_images\/ins-3.png","url":"#"}},"1619455274a70d7089-3":{"type":"image","settings":{"image":"shopify:\/\/shop_images\/ins-4.png","url":"#"}},"1619455274a70d7089-4":{"type":"image","settings":{"image":"shopify:\/\/shop_images\/ins-5.png","url":"#"}}},"block_order":["1619455274a70d7089-0","1619455274a70d7089-1","1619455274a70d7089-2","1619455274a70d7089-3","1619455274a70d7089-4"],"settings":{"has_container":true,"title":"Express yourself with #fastor <br>on instagram","sub_title_text":"Follow Us on Instagram","mt_lg":18,"pt_lg":0,"mb_lg":0,"pb_lg":0,"mt":5,"pt":0,"mb":0,"pb":0}},"1620791189d87735ab":{"type":"home-newsletter","settings":{"has_container":false,"color":"white","image_bg":"shopify:\/\/shop_images\/banner-5_48dc93b7-f82a-439d-bf18-1bafdfc8b2a4.png","color_bg":"#ffffff","title":"Join our newsletter and bew always on time with news!","sub_title":"","description":"...and get $20 for your  first order","has_top_separate":false,"has_bottom_separate":false,"separator_for_dark":false,"mt_lg":20,"pt_lg":16,"mb_lg":0,"pb_lg":18,"mt":5,"pt":0,"mb":0,"pb":5}},"1620798169dde26408":{"type":"home-banners","blocks":{"1620798169dde26408-0":{"type":"banner_1","settings":{"width_destop":"6","width_tablet":"12","width_mobile":"12","image":"shopify:\/\/shop_images\/banner-1_20e1d5f4-92fc-4676-9cc5-a9777e665c9e.png","title":"Suits 2021","sub_title":"New Arrival","button_url":"shopify:\/\/collections\/all","content_hori_align":"w-100 text-center","content_vert_align":"y-50","fs_title":5,"fs_subtitle":2.2,"color_text":"black"}},"1620798169dde26408-1":{"type":"banner_1","settings":{"width_destop":"6","width_tablet":"12","width_mobile":"12","image":"shopify:\/\/shop_images\/banner-2_56381144-f963-4f90-8084-e1f30a9e0b51.png","title":"All Swimsuits<br> up to - 50%","sub_title":"Sale!","button_url":"shopify:\/\/collections\/all","content_hori_align":"w-100 text-center","content_vert_align":"y-50","fs_title":5,"fs_subtitle":2.2,"color_text":"white"}},"6210aa44-335a-480c-9fb5-1114dbfabc16":{"type":"banner_1","settings":{"width_destop":"12","width_tablet":"12","width_mobile":"12","image":"shopify:\/\/shop_images\/banner-3_05632371-be76-41ed-b910-3f4506f8c167.png","title":"The latest men's trends<br> this season","sub_title":"Bestsellers","button_url":"shopify:\/\/collections\/all","content_hori_align":"w-100 text-center","content_vert_align":"y-50","fs_title":5,"fs_subtitle":2.2,"color_text":"white"}}},"block_order":["1620798169dde26408-0","1620798169dde26408-1","6210aa44-335a-480c-9fb5-1114dbfabc16"],"settings":{"has_container":false,"no_gutter":true,"mt_lg":0,"pt_lg":0,"mb_lg":0,"pb_lg":0,"mt":0,"pt":0,"mb":0,"pb":0}},"162079965124c8780d":{"type":"home-video-banner","settings":{"has_container":true,"type":"default","has_bottom_separate":true,"video_url":"https:\/\/www.youtube.com\/watch?v=HidKu1w7msY","image_bg":"shopify:\/\/shop_images\/banner-4_0520db08-07e4-4a9a-8e18-85474c6d0f40.png","title":"A team of designers<br> that make dreams<br> come true","sub_title":"","description":"Unique clothes for everyone!","button_text":"Read more","button_url":"shopify:\/\/collections\/all","fs_title":5.5,"fs_description":2.2,"mt_lg":20,"pt_lg":17,"mb_lg":0,"pb_lg":0,"mt":5,"pt":0,"mb":0,"pb":0}},"16207999669240a172":{"type":"home-products-carousel","settings":{"has_container":true,"has_separate":false,"title":"Bestsellers","items_per_row":4,"items_limit":6,"collection":"bestsellers","mt_lg":20,"pt_lg":4,"mb_lg":0,"pb_lg":0,"mt":5,"pt":0,"mb":0,"pb":0}}},"order":["1613971549cb042f22","1620798169dde26408","161945431862b2c7f4","1619413590d195d62f","162079965124c8780d","16207999669240a172","1619455274a70d7089","1620791189d87735ab"]}